instant,Day.Of.Week,Month,Day,Month/Day,Returning.Visits,target
1571,3,1,1,101,277,1715
1936,4,1,1,101,235,1554
475,6,1,1,101,174,1411
1206,2,1,1,101,242,1709
110,5,1,1,101,161,1265
841,1,1,1,101,207,1447
1937,5,1,2,102,329,2820
476,7,1,2,102,228,1838
1207,3,1,2,102,453,3389
111,6,1,2,102,258,1948
842,2,1,2,102,396,2568
1572,4,1,2,102,462,3431
1208,4,1,3,103,455,3391
1573,5,1,3,103,534,4118
477,1,1,3,103,283,2180
843,3,1,3,103,557,3566
1938,6,1,3,103,321,2970
112,7,1,3,103,150,1742
844,4,1,4,104,590,3941
478,2,1,4,104,457,3587
113,1,1,4,104,223,1896
1209,5,1,4,104,432,3698
1939,7,1,4,104,226,2111
1574,6,1,4,104,437,3504
114,2,1,5,105,356,3033
479,3,1,5,105,512,3855
1940,1,1,5,105,274,2393
845,5,1,5,105,567,3841
1575,7,1,5,105,261,2308
1210,6,1,5,105,471,3511
846,6,1,6,106,526,3261
1576,1,1,6,106,398,2925
115,3,1,6,106,385,3445
1211,7,1,6,106,302,2279
1941,2,1,6,106,429,3704
480,4,1,6,106,501,3840
1577,2,1,7,107,550,4587
1942,3,1,7,107,423,3760
847,7,1,7,107,319,2241
116,4,1,7,107,393,3423
481,5,1,7,107,488,3735
1212,1,1,7,107,374,2822
482,6,1,8,108,426,3223
1943,4,1,8,108,442,3698
1578,3,1,8,108,597,4731
117,5,1,8,108,350,3319
1213,2,1,8,108,598,4240
848,1,1,8,108,373,2679
483,7,1,9,109,251,2207
1944,5,1,9,109,464,4243
1579,4,1,9,109,585,4831
118,6,1,9,109,278,2783
849,2,1,9,109,650,4182
1214,3,1,9,109,542,4319
1580,5,1,10,110,538,4162
119,7,1,10,110,174,1952
484,1,1,10,110,339,2814
1215,4,1,10,110,562,4224
850,3,1,10,110,648,4236
1945,6,1,10,110,372,3177
1216,5,1,11,111,501,3797
851,4,1,11,111,670,4628
1946,7,1,11,111,253,2361
1581,6,1,11,111,477,3726
485,2,1,11,111,532,4007
120,1,1,11,111,220,2245
121,2,1,12,112,393,3928
1947,1,1,12,112,277,2762
1217,6,1,12,112,435,3190
1582,7,1,12,112,309,2458
486,3,1,12,112,576,4119
852,5,1,12,112,622,4205
853,6,1,13,113,475,3459
487,4,1,13,113,533,4338
1948,2,1,13,113,515,4298
1583,1,1,13,113,386,3266
122,3,1,13,113,382,3810
1218,7,1,13,113,245,1998
488,5,1,14,114,544,4432
854,7,1,14,114,354,2448
123,4,1,14,114,427,3931
1949,3,1,14,114,434,3838
1584,2,1,14,114,588,5016
1219,1,1,14,114,318,2515
1950,4,1,15,115,394,3754
1585,3,1,15,115,582,4732
124,5,1,15,115,388,3523
489,6,1,15,115,483,3306
1220,2,1,15,115,547,3950
855,1,1,15,115,429,2853
1586,4,1,16,116,602,4938
125,6,1,16,116,288,2943
1951,5,1,16,116,441,3817
1221,3,1,16,116,498,4033
490,7,1,16,116,295,2223
856,2,1,16,116,635,4638
491,1,1,17,117,367,2757
126,7,1,17,117,185,1751
1222,4,1,17,117,527,4269
1587,5,1,17,117,549,5033
857,3,1,17,117,727,5325
1952,6,1,17,117,413,3175
127,1,1,18,118,221,2491
1223,5,1,18,118,520,4124
492,2,1,18,118,525,4047
1953,7,1,18,118,246,2336
1588,6,1,18,118,495,4114
858,4,1,18,118,694,4866
128,2,1,19,119,394,3766
1224,6,1,19,119,435,3228
859,5,1,19,119,686,4715
1954,1,1,19,119,314,2597
493,3,1,19,119,624,4489
1589,7,1,19,119,330,2780
1225,7,1,20,120,263,2287
494,4,1,20,120,576,4588
129,3,1,20,120,429,4194
1955,2,1,20,120,443,3715
860,6,1,20,120,577,3753
1590,1,1,20,120,393,4205
1591,2,1,21,121,608,4983
130,4,1,21,121,434,4038
1226,1,1,21,121,368,2946
495,5,1,21,121,545,4398
861,7,1,21,121,341,2481
1956,3,1,21,121,484,4459
1592,3,1,22,122,622,5182
862,1,1,22,122,420,3233
1227,2,1,22,122,501,4608
131,5,1,22,122,368,3891
1957,4,1,22,122,473,4483
496,6,1,22,122,465,3340
1593,4,1,23,123,657,5316
497,7,1,23,123,301,2344
863,2,1,23,123,703,5034
1958,5,1,23,123,490,4225
132,6,1,23,123,284,3111
1228,3,1,23,123,588,4786
1229,4,1,24,124,564,4724
1959,6,1,24,124,353,3111
1594,5,1,24,124,609,5021
133,7,1,24,124,175,1946
498,1,1,24,124,358,2973
864,3,1,24,124,684,4787
1595,6,1,25,125,500,4230
1230,5,1,25,125,527,4417
1960,7,1,25,125,249,2353
134,1,1,25,125,270,2802
865,4,1,25,125,679,4901
499,2,1,25,125,556,4638
1961,1,1,26,126,307,3198
1231,6,1,26,126,489,3580
1596,7,1,26,126,341,2743
500,3,1,26,126,575,4791
866,5,1,26,126,613,4398
135,2,1,26,126,375,3892
867,6,1,27,127,565,3823
1232,7,1,27,127,315,2345
1962,2,1,27,127,481,4432
136,3,1,27,127,411,4172
501,4,1,27,127,571,5104
1597,1,1,27,127,390,3890
1598,2,1,28,128,693,5575
1233,1,1,28,128,364,3170
502,5,1,28,128,563,4621
1963,3,1,28,128,506,4664
137,4,1,28,128,418,4464
868,7,1,28,128,367,2619
1234,2,1,29,129,621,4862
1599,3,1,29,129,606,5732
503,6,1,29,129,483,3831
138,5,1,29,129,464,4377
1964,4,1,29,129,519,4471
869,1,1,29,129,407,3518
870,2,1,30,130,699,5178
504,7,1,30,130,290,2295
139,6,1,30,130,385,3734
1235,3,1,30,130,602,4600
1965,5,1,30,130,468,4486
1600,4,1,30,130,625,5402
140,7,1,31,131,214,2262
1601,5,1,31,131,613,5069
1966,6,1,31,131,400,3527
1236,4,1,31,131,545,4705
505,1,1,31,131,412,3235
871,3,1,31,131,749,5290
1237,5,2,1,201,593,4723
1602,6,2,1,201,559,4222
141,1,2,1,201,297,3050
872,4,2,1,201,714,5469
506,2,2,1,201,580,4918
1967,7,2,1,201,267,2514
507,3,2,2,202,588,5127
1238,6,2,2,202,468,3969
142,2,2,2,202,499,4794
1603,7,2,2,202,306,2864
873,5,2,2,202,725,5399
1968,1,2,2,202,303,2993
1969,2,2,3,203,520,4728
508,4,2,3,203,576,4794
1604,1,2,3,203,403,3598
143,3,2,3,203,501,4936
1239,7,2,3,203,332,2994
874,6,2,3,203,670,4232
1970,3,2,4,204,510,4883
1240,1,2,4,204,375,3162
1605,2,2,4,204,621,5366
144,4,2,4,204,477,5016
509,5,2,4,204,572,4788
875,7,2,4,204,387,2828
510,6,2,5,205,471,3948
876,1,2,5,205,502,3724
145,5,2,5,205,417,4489
1606,3,2,5,205,633,5427
1971,4,2,5,205,533,5071
1241,2,2,5,205,552,4949
1607,4,2,6,206,629,5667
877,2,2,6,206,801,5733
511,7,2,6,206,288,2383
1242,3,2,6,206,627,5092
146,6,2,6,206,393,3505
1972,5,2,6,206,498,4638
1243,4,2,7,207,590,4767
147,7,2,7,207,242,2264
1973,6,2,7,207,430,3757
878,3,2,7,207,763,5814
512,1,2,7,207,392,2950
1608,5,2,7,207,694,5517
879,4,2,8,208,758,5349
148,1,2,8,208,335,3314
513,2,2,8,208,568,4905
1609,6,2,8,208,514,4420
1244,5,2,8,208,576,4625
1974,7,2,8,208,303,2761
514,3,2,9,209,632,5353
1610,7,2,9,209,363,3150
1245,6,2,9,209,462,3738
1975,1,2,9,209,351,3423
149,2,2,9,209,494,5095
880,5,2,9,209,671,5025
515,4,2,10,210,649,5492
1976,2,2,10,210,552,5066
1246,7,2,10,210,316,2739
881,6,2,10,210,587,4044
150,3,2,10,210,521,5525
1611,1,2,10,210,492,4264
882,7,2,11,211,354,2323
516,5,2,11,211,609,5052
151,4,2,11,211,499,5074
1612,2,2,11,211,710,6569
1247,1,2,11,211,399,3923
1977,3,2,11,211,546,4928
517,6,2,12,212,507,3764
1978,4,2,12,212,522,4996
152,5,2,12,212,509,4571
1613,3,2,12,212,701,6145
1248,2,2,12,212,642,5341
883,1,2,12,212,464,3147
1614,4,2,13,213,696,5743
518,7,2,13,213,329,2458
153,6,2,13,213,411,3570
1249,3,2,13,213,624,5114
1979,5,2,13,213,635,5004
884,2,2,13,213,705,4972
1615,5,2,14,214,687,5512
1250,4,2,14,214,646,4896
154,7,2,14,214,242,2182
1980,6,2,14,214,420,3675
519,1,2,14,214,411,3098
885,3,2,14,214,685,4878
886,4,2,15,215,747,5288
520,2,2,15,215,613,4951
155,1,2,15,215,342,3265
1251,5,2,15,215,543,4502
1981,7,2,15,215,267,2556
1616,6,2,15,215,575,4127
1982,1,2,16,216,447,3732
887,5,2,16,216,734,4968
1252,6,2,16,216,506,3729
156,2,2,16,216,471,4670
1617,7,2,16,216,386,3309
521,3,2,16,216,696,5495
522,4,2,17,217,687,5505
888,6,2,17,217,590,3788
1253,7,2,17,217,299,2388
157,3,2,17,217,495,4764
1618,1,2,17,217,452,3761
1983,2,2,17,217,569,4958
1254,1,2,18,218,386,3405
889,7,2,18,218,343,2514
1619,2,2,18,218,686,5592
158,4,2,18,218,500,4943
523,5,2,18,218,656,5188
1984,3,2,18,218,533,4869
1985,4,2,19,219,547,5224
1620,3,2,19,219,747,6100
159,5,2,19,219,496,4790
1255,2,2,19,219,649,5176
524,6,2,19,219,555,4002
890,1,2,19,219,519,3463
1986,5,2,20,220,536,4890
891,2,2,20,220,691,4931
1621,4,2,20,220,722,6208
160,6,2,20,220,380,3604
1256,3,2,20,220,619,5429
525,7,2,20,220,351,2607
161,7,2,21,221,254,2455
1257,4,2,21,221,579,5120
1622,5,2,21,221,719,5730
1987,6,2,21,221,386,3678
526,1,2,21,221,483,3906
892,3,2,21,221,794,5101
1258,5,2,22,222,605,4993
1623,6,2,22,222,565,4372
162,1,2,22,222,361,3650
1988,7,2,22,222,266,2456
527,2,2,22,222,748,6360
893,4,2,22,222,729,5144
1624,7,2,23,223,388,3378
1989,1,2,23,223,321,3444
163,2,2,23,223,542,5463
528,3,2,23,223,746,6046
894,5,2,23,223,715,4433
1259,6,2,23,223,530,4148
895,6,2,24,224,537,3597
1260,7,2,24,224,333,2763
1990,2,2,24,224,584,5000
1625,1,2,24,224,488,4367
164,3,2,24,224,570,5884
529,4,2,24,224,810,5938
896,7,2,25,225,344,2621
530,5,2,25,225,693,5325
165,4,2,25,225,587,5615
1626,2,2,25,225,746,6318
1261,1,2,25,225,435,3599
1991,3,2,25,225,609,5496
531,6,2,26,226,558,4165
1262,2,2,26,226,676,5542
897,1,2,26,226,473,3397
1992,4,2,26,226,546,5059
166,5,2,26,226,561,5289
1627,3,2,26,226,774,6431
1263,3,2,27,227,641,5378
1628,4,2,27,227,763,5919
898,2,2,27,227,803,5062
1993,5,2,27,227,512,4813
532,7,2,27,227,370,2829
167,6,2,27,227,483,4434
533,1,2,28,228,517,4090
168,7,2,28,228,283,2665
899,3,2,28,228,745,4926
1994,6,2,28,228,483,3810
1629,5,2,28,228,700,5668
1264,4,2,28,228,639,5536
1995,7,2,29,229,311,2682
534,2,2,29,229,731,5734
1996,1,3,1,301,375,3332
535,3,3,1,301,743,6214
169,1,3,1,301,387,3907
1630,6,3,1,301,584,4581
900,4,3,1,301,736,4936
1265,5,3,1,301,602,4984
1631,7,3,2,302,385,3383
1266,6,3,2,302,523,4130
170,2,3,2,302,556,5308
901,5,3,2,302,694,4688
536,4,3,2,302,736,5906
1997,2,3,2,302,537,4872
902,6,3,3,303,559,3827
537,5,3,3,303,772,5814
1998,3,3,3,303,504,5097
1267,7,3,3,303,343,2818
1632,1,3,3,303,529,4311
171,3,3,3,303,535,5773
538,6,3,4,304,564,4507
172,4,3,4,304,603,5585
1268,1,3,4,304,450,3978
1999,4,3,4,304,473,4714
903,7,3,4,304,346,2452
1633,2,3,4,304,771,6357
1634,3,3,5,305,749,6092
2000,5,3,5,305,566,5048
173,5,3,5,305,533,4783
904,1,3,5,305,436,3283
539,7,3,5,305,346,2859
1269,2,3,5,305,708,5502
540,1,3,6,306,480,3897
2001,6,3,6,306,457,3698
1270,3,3,6,306,682,5740
174,6,3,6,306,448,3893
905,2,3,6,306,717,4823
1635,4,3,6,306,730,5772
2002,7,3,7,307,297,2670
906,3,3,7,307,720,4821
175,7,3,7,307,325,2917
1636,5,3,7,307,734,5861
1271,4,3,7,307,697,5635
541,2,3,7,307,737,5849
176,1,3,8,308,364,3353
1272,5,3,8,308,660,5375
542,3,3,8,308,783,6264
1637,6,3,8,308,557,4600
907,4,3,8,308,690,5059
2003,1,3,8,308,381,3416
908,5,3,9,309,700,4585
2004,2,3,9,309,561,4731
543,4,3,9,309,780,6062
1638,7,3,9,309,369,3390
177,2,3,9,309,578,5400
1273,6,3,9,309,548,4273
909,6,3,10,310,555,3682
544,5,3,10,310,744,5685
1639,1,3,10,310,501,4099
1274,7,3,10,310,387,3223
178,3,3,10,310,576,5395
2005,3,3,10,310,549,4820
545,6,3,11,311,614,4391
1275,1,3,11,311,439,3956
910,7,3,11,311,363,2350
1640,2,3,11,311,721,6240
179,4,3,11,311,596,5229
2006,4,3,11,311,529,4813
180,5,3,12,312,580,5371
1641,3,3,12,312,752,5871
911,1,3,12,312,434,3056
546,7,3,12,312,408,2880
2007,5,3,12,312,556,4393
1276,2,3,12,312,694,5895
547,1,3,13,313,510,3740
2008,6,3,13,313,441,3316
1277,3,3,13,313,809,6152
1642,4,3,13,313,780,6381
912,2,3,13,313,646,4746
181,6,3,13,313,486,4185
1643,5,3,14,314,715,5853
913,3,3,14,314,657,4613
548,2,3,14,314,792,5710
182,7,3,14,314,313,2724
2009,7,3,14,314,319,2416
1278,4,3,14,314,716,5906
549,3,3,15,315,731,5168
1279,5,3,15,315,782,6300
2010,1,3,15,315,314,2934
1644,6,3,15,315,617,4425
914,4,3,15,315,747,4560
183,1,3,15,315,424,3590
915,5,3,16,316,675,4520
1645,7,3,16,316,414,2961
184,2,3,16,316,579,5367
1280,6,3,16,316,586,4915
550,4,3,16,316,775,5577
2011,2,3,16,316,348,2732
185,3,3,17,317,581,5440
916,6,3,17,317,503,3346
1646,1,3,17,317,486,4008
1281,7,3,17,317,343,3218
2012,3,3,17,317,482,3805
551,5,3,17,317,693,5238
2013,4,3,18,318,468,3748
917,7,3,18,318,324,2253
1647,2,3,18,318,721,5830
1282,1,3,18,318,484,4429
552,6,3,18,318,551,3931
186,4,3,18,318,585,5465
2014,5,3,19,319,412,3678
1648,3,3,19,319,716,6089
553,7,3,19,319,324,2606
1283,2,3,19,319,722,5739
918,1,3,19,319,460,2927
187,5,3,19,319,551,5318
1284,3,3,20,320,739,6220
188,6,3,20,320,454,4225
919,2,3,20,320,664,4878
1649,4,3,20,320,754,5800
554,1,3,20,320,382,3149
2015,6,3,20,320,408,3322
189,7,3,21,321,308,2687
1285,4,3,21,321,767,6238
555,2,3,21,321,694,5565
2016,7,3,21,321,300,2701
920,3,3,21,321,679,4852
1650,5,3,21,321,661,5431
556,3,3,22,322,735,5281
921,4,3,22,322,673,4585
2017,1,3,22,322,349,3263
1651,6,3,22,322,528,4560
190,1,3,22,322,398,3791
1286,5,3,22,322,656,6226
2018,2,3,23,323,476,4105
557,4,3,23,323,634,5202
1652,7,3,23,323,395,3256
191,2,3,23,323,618,5661
1287,6,3,23,323,537,4364
922,5,3,23,323,660,4477
1288,7,3,24,324,339,2882
2019,3,3,24,324,481,4156
1653,1,3,24,324,472,4156
192,3,3,24,324,594,5759
558,5,3,24,324,554,4581
923,6,3,24,324,573,3654
193,4,3,25,325,605,5599
559,6,3,25,325,434,3264
1654,2,3,25,325,763,6060
2020,4,3,25,325,489,4153
1289,1,3,25,325,485,4010
924,7,3,25,325,340,2411
2021,5,3,26,326,450,4256
194,5,3,26,326,571,5103
1655,3,3,26,326,766,6191
560,7,3,26,326,366,2344
1290,2,3,26,326,706,6084
925,1,3,26,326,454,3054
2022,6,3,27,327,414,3818
195,6,3,27,327,500,4313
561,1,3,27,327,421,3112
1656,4,3,27,327,770,6678
1291,3,3,27,327,701,5874
926,2,3,27,327,714,4696
562,2,3,28,328,670,5051
1292,4,3,28,328,629,5719
927,3,3,28,328,758,5033
2023,7,3,28,328,335,3045
196,7,3,28,328,360,2971
1657,5,3,28,328,725,6167
928,4,3,29,329,721,4948
1293,5,3,29,329,584,5003
197,1,3,29,329,408,3662
2024,1,3,29,329,444,4079
1658,6,3,29,329,546,4441
563,3,3,29,329,727,5333
1294,6,3,30,330,479,3605
929,5,3,30,330,686,4636
198,2,3,30,330,599,5635
2025,2,3,30,330,572,4899
564,4,3,30,330,709,5671
1659,7,3,30,330,376,3243
930,6,3,31,331,576,3539
2026,3,3,31,331,512,4943
1660,1,3,31,331,496,4260
1295,7,3,31,331,389,2811
199,3,3,31,331,604,5581
565,5,3,31,331,681,5097
566,6,4,1,401,563,4555
931,7,4,1,401,340,2371
1296,1,4,1,401,482,3567
200,4,4,1,401,591,5329
1661,2,4,1,401,688,6078
2027,4,4,1,401,482,4907
567,7,4,2,402,392,2987
932,1,4,2,402,444,2816
2028,5,4,2,402,533,4933
1662,3,4,2,402,823,6824
201,5,4,2,402,504,4553
1297,2,4,2,402,667,5237
1663,4,4,3,403,785,6621
202,6,4,3,403,416,3423
568,1,4,3,403,543,4257
2029,6,4,3,403,523,4665
933,2,4,3,403,684,4493
1298,3,4,3,403,688,6154
1664,5,4,4,404,696,6231
203,7,4,4,404,295,2708
2030,7,4,4,404,361,3366
934,3,4,4,404,747,4678
1299,4,4,4,404,694,5895
569,2,4,4,404,790,5804
204,1,4,5,405,371,3306
570,3,4,5,405,782,5885
1665,6,4,5,405,627,4776
1300,5,4,5,405,711,5858
2031,1,4,5,405,401,3976
935,4,4,5,405,722,4737
571,4,4,6,406,771,6054
1301,6,4,6,406,599,5034
2032,2,4,6,406,570,4981
936,5,4,6,406,708,4775
1666,7,4,6,406,395,3148
205,2,4,6,406,559,5203
572,5,4,7,407,725,5791
2033,3,4,7,407,592,5331
937,6,4,7,407,544,3658
1667,1,4,7,407,539,4357
1302,7,4,7,407,451,3613
206,3,4,7,407,648,5712
938,7,4,8,408,340,2260
573,6,4,8,408,610,4741
1668,2,4,8,408,778,6794
2034,4,4,8,408,547,5331
1303,1,4,8,408,529,4389
207,4,4,8,408,614,5601
1669,3,4,9,409,769,6688
574,7,4,9,409,400,2946
939,1,4,9,409,500,3343
208,5,4,9,409,633,5486
2035,5,4,9,409,556,5063
1304,2,4,9,409,744,6278
209,6,4,10,410,516,4178
2036,6,4,10,410,485,4252
940,2,4,10,410,684,4640
575,1,4,10,410,534,4071
1670,4,4,10,410,802,6570
1305,3,4,10,410,767,6836
1671,5,4,11,411,760,6113
576,2,4,11,411,836,6265
210,7,4,11,411,318,2878
941,3,4,11,411,665,4694
1306,4,4,11,411,837,6731
2037,7,4,11,411,433,3656
211,1,4,12,412,456,4169
1307,5,4,12,412,769,6287
577,3,4,12,412,857,6298
2038,1,4,12,412,459,4152
942,4,4,12,412,717,4771
1672,6,4,12,412,610,4856
2039,2,4,13,413,543,5089
1308,6,4,13,413,604,5089
212,2,4,13,413,698,6372
943,5,4,13,413,622,4173
1673,7,4,13,413,398,3401
578,4,4,13,413,837,6495
579,5,4,14,414,758,5536
1309,7,4,14,414,448,3812
213,3,4,14,414,693,6240
2040,3,4,14,414,593,5491
944,6,4,14,414,486,3046
1674,1,4,14,414,597,4551
1675,2,4,15,415,806,6614
1310,1,4,15,415,624,5290
2041,4,4,15,415,670,5665
214,4,4,15,415,686,6170
945,7,4,15,415,368,2260
580,6,4,15,415,662,4737
946,1,4,16,416,443,2876
581,7,4,16,416,471,3232
1676,3,4,16,416,800,7019
1311,2,4,16,416,805,7161
215,5,4,16,416,689,6071
2042,5,4,16,416,611,5423
1312,3,4,17,417,881,7352
216,6,4,17,417,566,4682
947,2,4,17,417,683,4774
582,1,4,17,417,589,4201
1677,4,4,17,417,789,6643
2043,6,4,17,417,536,4688
1313,4,4,18,418,841,7218
217,7,4,18,418,397,3208
948,3,4,18,418,796,5009
2044,7,4,18,418,486,4055
583,2,4,18,418,849,6806
1678,5,4,18,418,692,5398
584,3,4,19,419,877,6769
2045,1,4,19,419,614,4830
1679,6,4,19,419,499,4323
218,1,4,19,419,475,4310
1314,5,4,19,419,777,7040
949,4,4,19,419,719,5369
585,4,4,20,420,898,6581
2046,2,4,20,420,648,5908
1680,7,4,20,420,422,3546
950,5,4,20,420,700,5020
1315,6,4,20,420,699,5367
219,2,4,20,420,765,6435
1681,1,4,21,421,511,4312
1316,7,4,21,421,496,4021
951,6,4,21,421,599,3935
586,5,4,21,421,830,6254
220,3,4,21,421,686,6299
2047,3,4,21,421,655,5633
221,4,4,22,422,715,6360
1317,1,4,22,422,663,5397
1682,2,4,22,422,791,6363
2048,4,4,22,422,664,5786
587,6,4,22,422,676,5163
952,7,4,22,422,419,2795
1683,3,4,23,423,821,6797
953,1,4,23,423,522,3795
1318,2,4,23,423,908,7605
222,5,4,23,423,696,6349
588,7,4,23,423,482,3851
2049,5,4,23,423,684,5967
1319,3,4,24,424,913,7614
954,2,4,24,424,831,5489
589,1,4,24,424,625,4695
2050,6,4,24,424,560,4937
223,6,4,24,424,542,4660
1684,4,4,24,424,866,7144
2051,7,4,25,425,470,4327
1685,5,4,25,425,817,6555
1320,4,4,25,425,925,7984
955,3,4,25,425,772,5680
590,2,4,25,425,987,7098
224,7,4,25,425,385,3354
1321,5,4,26,426,866,7040
2052,1,4,26,426,571,5086
225,1,4,26,426,501,4371
956,4,4,26,426,735,5383
1686,6,4,26,426,691,5400
591,3,4,26,426,924,7156
1687,7,4,27,427,427,3710
957,5,4,27,427,710,4890
2053,2,4,27,427,717,6038
226,2,4,27,427,754,6534
1322,6,4,27,427,654,5628
592,4,4,27,427,926,6836
2054,3,4,28,428,710,6324
1323,7,4,28,428,477,3926
593,5,4,28,428,832,6329
958,6,4,28,428,577,3872
227,3,4,28,428,780,6832
1688,1,4,28,428,566,4788
1324,1,4,29,429,578,5479
1689,2,4,29,429,762,6232
594,6,4,29,429,686,4990
959,7,4,29,429,385,2790
2055,4,4,29,429,729,6062
228,4,4,29,429,760,6689
2056,5,4,30,430,599,5520
595,7,4,30,430,496,3536
1690,3,4,30,430,824,6093
960,1,4,30,430,498,3524
229,5,4,30,430,636,5849
1325,2,4,30,430,800,6670
2057,6,5,1,501,553,4670
1326,3,5,1,501,800,6783
1691,4,5,1,501,719,6117
596,1,5,1,501,631,4366
230,6,5,1,501,502,4247
961,2,5,1,501,676,4903
962,3,5,2,502,723,5160
1692,5,5,2,502,720,6274
597,2,5,2,502,877,6510
231,7,5,2,502,402,3219
2058,7,5,2,502,462,4171
1327,4,5,2,502,852,7105
963,4,5,3,503,771,5194
2059,1,5,3,503,581,4716
598,3,5,3,503,877,6855
1693,6,5,3,503,607,4774
232,1,5,3,503,445,4211
1328,5,5,3,503,848,6877
599,4,5,4,504,907,6599
964,5,5,4,504,742,5142
233,2,5,4,504,709,6424
2060,2,5,4,504,685,5939
1694,7,5,4,504,463,3437
1329,6,5,4,504,672,5460
234,3,5,5,505,702,6223
965,6,5,5,505,602,3836
2061,3,5,5,505,731,6361
600,5,5,5,505,730,5510
1330,7,5,5,505,510,3648
1695,1,5,5,505,552,4330
2062,4,5,6,506,742,6659
1331,1,5,6,506,574,4917
966,7,5,6,506,409,2737
1696,2,5,6,506,762,5902
235,4,5,6,506,709,6551
601,6,5,6,506,606,4549
1332,2,5,7,507,773,6980
1697,3,5,7,507,789,6064
602,7,5,7,507,407,3064
236,5,5,7,507,679,6343
967,1,5,7,507,509,3386
2063,5,5,7,507,790,6264
2064,6,5,8,508,610,5359
1333,3,5,8,508,877,6702
968,2,5,8,508,685,4816
237,6,5,8,508,542,4696
1698,4,5,8,508,739,5709
603,1,5,8,508,483,3633
1334,4,5,9,509,907,6699
969,3,5,9,509,695,4734
238,7,5,9,509,393,3134
1699,5,5,9,509,669,5596
604,2,5,9,509,794,5838
2065,7,5,9,509,520,4593
2066,1,5,10,510,579,5092
239,1,5,10,510,479,3868
1700,6,5,10,510,650,4498
1335,5,5,10,510,794,6001
605,3,5,10,510,755,6026
970,4,5,10,510,721,4761
1701,7,5,11,511,417,3258
1336,6,5,11,511,688,5094
240,2,5,11,511,695,6020
606,4,5,11,511,747,5780
2067,2,5,11,511,834,6563
971,5,5,11,511,654,4277
972,6,5,12,512,564,3563
1702,1,5,12,512,495,3571
1337,7,5,12,512,416,3179
241,3,5,12,512,670,5705
2068,3,5,12,512,747,6124
607,5,5,12,512,680,5131
608,6,5,13,513,551,3928
1703,2,5,13,513,772,5677
1338,1,5,13,513,499,4169
2069,4,5,13,513,710,5817
973,7,5,13,513,370,2401
242,4,5,13,513,668,5752
243,5,5,14,514,597,5181
1339,2,5,14,514,751,6392
609,7,5,14,514,378,2636
1704,3,5,14,514,692,5534
2070,5,5,14,514,646,6057
974,1,5,14,514,452,2877
610,1,5,15,515,444,3278
975,2,5,15,515,697,4448
1340,3,5,15,515,710,5878
244,6,5,15,515,509,4269
2071,6,5,15,515,646,4958
1705,4,5,15,515,678,5391
976,3,5,16,516,633,4525
611,2,5,16,516,678,4785
1341,4,5,16,516,710,5800
2072,7,5,16,516,443,3651
245,7,5,16,516,345,2633
1706,5,5,16,516,624,5043
612,3,5,17,517,687,4886
1707,6,5,17,517,541,3993
977,4,5,17,517,642,4533
2073,1,5,17,517,554,4248
246,1,5,17,517,388,3336
1342,5,5,17,517,769,5690
613,4,5,18,518,685,5145
1708,7,5,18,518,331,2565
2074,2,5,18,518,643,5624
247,2,5,18,518,632,5127
1343,6,5,18,518,586,4314
978,5,5,18,518,621,4431
614,5,5,19,519,727,5849
1709,1,5,19,519,410,3369
248,3,5,19,519,618,5449
979,6,5,19,519,532,3456
1344,7,5,19,519,382,2948
2075,3,5,19,519,634,5595
2076,4,5,20,520,640,5213
1345,1,5,20,520,519,3864
980,7,5,20,520,319,2162
249,4,5,20,520,585,5746
1710,2,5,20,520,636,4993
615,6,5,20,520,599,4456
1346,2,5,21,521,703,5499
981,1,5,21,521,374,2786
250,5,5,21,521,596,5115
1711,3,5,21,521,593,4728
616,7,5,21,521,422,2960
2077,5,5,21,521,618,5156
982,2,5,22,522,638,4172
617,1,5,22,522,522,3885
1712,4,5,22,522,659,4963
1347,3,5,22,522,771,5790
2078,6,5,22,522,527,4350
251,6,5,22,522,506,3995
2079,7,5,23,523,405,3446
618,2,5,23,523,787,5857
983,3,5,23,523,620,4255
252,7,5,23,523,299,2618
1348,4,5,23,523,765,5720
1713,5,5,23,523,545,4637
619,3,5,24,524,819,6162
1349,5,5,24,524,710,5692
2080,1,5,24,524,490,3945
253,1,5,24,524,354,2961
1714,6,5,24,524,489,3694
984,4,5,24,524,596,4154
1350,6,5,25,525,615,4082
1715,7,5,25,525,311,2460
985,5,5,25,525,576,3803
620,4,5,25,525,856,6014
2081,2,5,25,525,556,4639
254,2,5,25,525,486,4090
255,3,5,26,526,564,5201
621,5,5,26,526,734,5652
986,6,5,26,526,463,2950
2082,3,5,26,526,653,5224
1351,7,5,26,526,368,2716
1716,1,5,26,526,371,3006
987,7,5,27,527,289,1909
622,6,5,27,527,648,4793
1717,2,5,27,527,509,3992
2083,4,5,27,527,631,5242
1352,1,5,27,527,487,3430
256,4,5,27,527,651,5321
1353,2,5,28,528,602,4353
1718,3,5,28,528,636,4960
257,5,5,28,528,622,5219
2084,5,5,28,528,595,4939
623,7,5,28,528,384,2819
988,1,5,28,528,382,2506
989,2,5,29,529,544,3325
2085,6,5,29,529,537,4387
258,6,5,29,529,466,4017
1719,4,5,29,529,553,4376
1354,3,5,29,529,665,5525
624,1,5,29,529,479,3687
259,7,5,30,530,283,2297
1720,5,5,30,530,543,4143
2086,7,5,30,530,394,3327
1355,4,5,30,530,666,5407
990,3,5,30,530,611,4086
625,2,5,30,530,698,4851
1721,6,5,31,531,454,3359
2087,1,5,31,531,437,3692
626,3,5,31,531,803,5775
260,1,5,31,531,366,3145
1356,5,5,31,531,693,4994
991,4,5,31,531,598,3716
261,2,6,1,601,622,4905
992,5,6,1,601,536,3702
1722,7,6,1,601,253,2218
1357,6,6,1,601,509,3835
2088,2,6,1,601,574,4734
627,4,6,1,601,769,5443
628,5,6,2,602,783,5590
262,3,6,2,602,583,4747
1358,7,6,2,602,327,2511
993,6,6,2,602,491,2959
2089,3,6,2,602,633,4727
1723,1,6,2,602,329,2768
629,6,6,3,603,675,4482
1359,1,6,3,603,417,3371
994,7,6,3,603,310,2006
263,4,6,3,603,604,4591
2090,4,6,3,603,630,4994
1724,2,6,3,603,536,3967
1725,3,6,4,604,582,4501
995,1,6,4,604,376,2479
264,5,6,4,604,521,4431
2091,5,6,4,604,577,4767
1360,2,6,4,604,658,5226
630,7,6,4,604,414,2792
2092,6,6,5,605,469,4124
996,2,6,5,605,538,3501
265,6,6,5,605,455,3608
631,1,6,5,605,470,3371
1726,4,6,5,605,494,3973
1361,3,6,5,605,642,5139
266,7,6,6,606,337,2422
632,2,6,6,606,796,5547
997,3,6,6,606,561,3985
2093,7,6,6,606,380,3230
1727,5,6,6,606,559,4259
1362,4,6,6,606,646,5051
633,3,6,7,607,728,5468
2094,1,6,7,607,475,3906
998,4,6,7,607,599,3920
267,1,6,7,607,355,3132
1363,5,6,7,607,598,4787
1728,6,6,7,607,444,3181
2095,2,6,8,608,599,4895
1364,6,6,8,608,563,3956
268,2,6,8,608,589,4962
999,5,6,8,608,587,3868
634,4,6,8,608,687,5104
1729,7,6,8,608,259,2170
1000,6,6,9,609,441,2921
1365,7,6,9,609,311,2303
269,3,6,9,609,607,4881
635,5,6,9,609,673,4728
2096,3,6,9,609,594,4871
1730,1,6,9,609,344,2810
270,4,6,10,610,639,5001
1001,7,6,10,610,269,1655
2097,4,6,10,610,588,4989
1731,2,6,10,610,567,4420
1366,1,6,10,610,374,3011
636,6,6,10,610,565,4024
2098,5,6,11,611,545,4633
1002,1,6,11,611,323,2229
1732,3,6,11,611,594,4793
271,5,6,11,611,628,4635
1367,2,6,11,611,612,4896
637,7,6,11,611,329,2350
1003,2,6,12,612,578,3660
1733,4,6,12,612,585,4410
272,6,6,12,612,428,3545
638,1,6,12,612,417,3234
2099,6,6,12,612,535,4475
1368,3,6,12,612,685,4952
2100,7,6,13,613,362,2967
1004,3,6,13,613,607,3898
1369,4,6,13,613,660,4570
1734,5,6,13,613,564,4076
273,7,6,13,613,255,2262
639,2,6,13,613,760,4948
2101,1,6,14,614,402,3507
1005,4,6,14,614,597,3912
640,3,6,14,614,708,5247
274,1,6,14,614,342,2866
1735,6,6,14,614,476,3287
1370,5,6,14,614,585,4542
1736,7,6,15,615,266,2176
1006,5,6,15,615,595,3604
275,2,6,15,615,579,4692
1371,6,6,15,615,473,3383
2102,2,6,15,615,554,4337
641,4,6,15,615,747,5003
1007,6,6,16,616,484,2970
1737,1,6,16,616,328,2516
2103,3,6,16,616,497,4470
276,3,6,16,616,544,4602
1372,7,6,16,616,255,1922
642,5,6,16,616,707,4816
1373,1,6,17,617,316,2404
1008,7,6,17,617,230,1546
643,6,6,17,617,551,4208
277,4,6,17,617,545,4620
1738,2,6,17,617,527,4142
2104,4,6,17,617,552,4439
644,7,6,18,618,311,2454
2105,5,6,18,618,545,4895
1009,1,6,18,618,319,1944
1374,2,6,18,618,651,4576
1739,3,6,18,618,552,4225
278,5,6,18,618,569,4475
279,6,6,19,619,468,3564
1010,2,6,19,619,534,3608
2106,6,6,19,619,452,3924
1375,3,6,19,619,625,4727
1740,4,6,19,619,531,4162
645,1,6,19,619,413,2763
1741,5,6,20,620,478,3716
280,7,6,20,620,241,2071
1011,3,6,20,620,567,3514
2107,7,6,20,620,339,2827
1376,4,6,20,620,619,4639
646,2,6,20,620,693,4954
281,1,6,21,621,317,2659
1377,5,6,21,621,608,4108
647,3,6,21,621,677,4903
1012,4,6,21,621,560,3344
1742,6,6,21,621,422,3333
2108,1,6,21,621,412,3481
282,2,6,22,622,553,4338
648,4,6,22,622,692,4907
1743,7,6,22,622,242,1918
1378,6,6,22,622,463,3372
1013,5,6,22,622,527,3292
2109,2,6,22,622,558,4627
1014,6,6,23,623,405,2469
1379,7,6,23,623,288,1996
283,3,6,23,623,573,4531
649,5,6,23,623,667,4625
2110,3,6,23,623,543,4561
1744,1,6,23,623,304,2344
284,4,6,24,624,541,4498
2111,4,6,24,624,539,4626
1380,1,6,24,624,353,2415
650,6,6,24,624,535,3497
1015,7,6,24,624,223,1296
1745,2,6,24,624,442,3691
1746,3,6,25,625,523,4035
2112,5,6,25,625,547,4137
651,7,6,25,625,257,1826
285,5,6,25,625,520,4128
1381,2,6,25,625,609,4457
1016,1,6,25,625,260,1546
1017,2,6,26,626,470,2948
1747,4,6,26,626,489,3939
2113,6,6,26,626,427,3555
652,1,6,26,626,365,2307
286,6,6,26,626,432,3132
1382,3,6,26,626,629,4736
1383,4,6,27,627,574,4245
1748,5,6,27,627,474,3738
1018,3,6,27,627,500,3077
653,2,6,27,627,645,4368
2114,7,6,27,627,319,2671
287,7,6,27,627,197,1829
654,3,6,28,628,625,4233
1749,6,6,28,628,364,2846
1019,4,6,28,628,496,3028
2115,1,6,28,628,402,3486
288,1,6,28,628,293,2149
1384,5,6,28,628,625,4081
1750,7,6,29,629,216,1733
1020,5,6,29,629,502,2738
2116,2,6,29,629,503,4000
289,2,6,29,629,522,3975
1385,6,6,29,629,440,3053
655,4,6,29,629,571,4187
1751,1,6,30,630,254,2184
1021,6,6,30,630,391,2147
1386,7,6,30,630,220,1741
2117,3,6,30,630,460,3828
656,5,6,30,630,591,3811
290,3,6,30,630,538,4046
1387,1,7,1,701,307,2186
657,6,7,1,701,496,3179
1752,2,7,1,701,484,3512
2118,4,7,1,701,450,3935
1022,7,7,1,701,228,1277
291,4,7,1,701,479,3897
658,7,7,2,702,225,1615
1023,1,7,2,702,263,1606
1388,2,7,2,702,581,4026
1753,3,7,2,702,473,3675
2119,5,7,2,702,484,3633
292,5,7,2,702,468,3871
293,6,7,3,703,363,2630
1754,4,7,3,703,435,3831
1389,3,7,3,703,549,3961
659,1,7,3,703,279,1788
2120,6,7,3,703,354,2997
1024,2,7,3,703,430,2504
1755,5,7,4,704,323,2801
2121,7,7,4,704,284,2194
660,2,7,4,704,491,2959
1025,3,7,4,704,349,2218
294,7,7,4,704,204,1602
1390,4,7,4,704,437,3019
661,3,7,5,705,605,3947
1756,6,7,5,705,344,2552
295,1,7,5,705,229,1960
1391,5,7,5,705,499,3743
1026,4,7,5,705,468,3024
2122,1,7,5,705,362,2948
1757,7,7,6,706,181,1950
1027,5,7,6,706,492,2951
296,2,7,6,706,484,4143
662,4,7,6,706,573,3841
2123,2,7,6,706,491,4049
1392,6,7,6,706,420,3050
2124,3,7,7,707,513,3792
1028,6,7,7,707,383,2401
297,3,7,7,707,523,4205
663,5,7,7,707,552,3729
1758,1,7,7,707,268,2110
1393,7,7,7,707,223,1688
664,6,7,8,708,490,3324
298,4,7,8,708,528,4193
1759,2,7,8,708,520,4303
2125,4,7,8,708,483,4029
1394,1,7,8,708,295,2185
1029,7,7,8,708,191,1242
1760,3,7,9,709,464,3883
1395,2,7,9,709,560,4104
299,5,7,9,709,467,3710
665,7,7,9,709,269,1795
2126,5,7,9,709,452,3945
1030,1,7,9,709,234,1511
1761,4,7,10,710,560,4244
666,1,7,10,710,334,2373
300,6,7,10,710,436,3137
1031,2,7,10,710,443,2934
2127,6,7,10,710,447,3523
1396,3,7,10,710,635,4097
667,2,7,11,711,647,4101
1397,4,7,11,711,611,3844
1032,3,7,11,711,477,3003
301,7,7,11,711,201,1834
2128,7,7,11,711,316,2646
1762,5,7,11,711,519,3765
668,3,7,12,712,608,4241
302,1,7,12,712,276,2070
1398,5,7,12,712,529,3743
1033,4,7,12,712,482,3073
2129,1,7,12,712,398,3454
1763,6,7,12,712,460,3286
1764,7,7,13,713,242,1851
1034,5,7,13,713,493,2933
303,2,7,13,713,542,4180
2130,2,7,13,713,457,3703
1399,6,7,13,713,487,3073
669,4,7,13,713,611,4478
670,5,7,14,714,600,3961
1765,1,7,14,714,321,2580
1035,6,7,14,714,423,2468
304,3,7,14,714,505,4038
2131,3,7,14,714,456,3680
1400,7,7,14,714,257,1852
1036,7,7,15,715,203,1355
671,6,7,15,715,529,3367
2132,4,7,15,715,431,3479
305,4,7,15,715,548,3906
1401,1,7,15,715,301,2105
1766,2,7,15,715,529,4140
1402,2,7,16,716,562,4078
306,5,7,16,716,484,3580
1767,3,7,16,716,500,4076
1037,1,7,16,716,231,1553
672,7,7,16,716,271,1828
2133,5,7,16,716,453,3756
2134,6,7,17,717,435,3289
307,6,7,17,717,362,2948
1768,4,7,17,717,540,4141
673,1,7,17,717,317,2344
1038,2,7,17,717,475,2902
1403,3,7,17,717,601,4515
308,7,7,18,718,197,1622
1769,5,7,18,718,525,3898
2135,7,7,18,718,286,2416
1404,4,7,18,718,606,4276
1039,3,7,18,718,518,2899
674,2,7,18,718,625,4415
1040,4,7,19,719,448,2986
1770,6,7,19,719,437,3027
675,3,7,19,719,649,4403
2136,1,7,19,719,305,2793
309,1,7,19,719,266,2179
1405,5,7,19,719,591,4043
1406,6,7,20,720,452,3004
1041,5,7,20,720,460,2964
1771,7,7,20,720,238,1831
676,4,7,20,720,632,4244
2137,2,7,20,720,453,3749
310,2,7,20,720,469,3906
677,5,7,21,721,673,4322
311,3,7,21,721,525,3745
2138,3,7,21,721,439,3786
1042,6,7,21,721,395,2433
1772,1,7,21,721,261,2282
1407,7,7,21,721,235,1664
678,6,7,22,722,495,3456
1043,7,7,22,722,198,1280
1773,2,7,22,722,514,4138
2139,4,7,22,722,473,4002
1408,1,7,22,722,315,2248
312,4,7,22,722,556,4212
1044,1,7,23,723,261,1603
1774,3,7,23,723,524,4049
679,7,7,23,723,308,2068
2140,5,7,23,723,508,3823
1409,2,7,23,723,577,4062
313,5,7,23,723,500,3901
2141,6,7,24,724,361,3430
1045,2,7,24,724,488,3154
314,6,7,24,724,422,3292
680,1,7,24,724,381,2568
1775,4,7,24,724,604,4272
1410,3,7,24,724,589,4053
2142,7,7,25,725,280,2400
1411,4,7,25,725,552,3628
1776,5,7,25,725,545,4089
315,7,7,25,725,213,1819
681,2,7,25,725,692,4770
1046,3,7,25,725,482,3084
316,1,7,26,726,276,2068
682,3,7,26,726,682,4621
1412,5,7,26,726,490,3596
1777,6,7,26,726,422,3277
2143,1,7,26,726,338,2835
1047,4,7,26,726,435,2983
2144,2,7,27,727,508,4001
1048,5,7,27,727,468,2849
683,4,7,27,727,651,4470
1413,6,7,27,727,463,3140
1778,7,7,27,727,239,1954
317,2,7,27,727,562,3991
1414,7,7,28,728,250,1938
1779,1,7,28,728,270,2111
684,5,7,28,728,618,4307
318,3,7,28,728,501,4073
2145,3,7,28,728,444,3795
1049,6,7,28,728,388,2420
685,6,7,29,729,548,3370
1050,7,7,29,729,183,1300
2146,4,7,29,729,419,3903
1415,1,7,29,729,335,2460
1780,2,7,29,729,486,3625
319,4,7,29,729,501,4069
320,5,7,30,730,503,3716
1051,1,7,30,730,249,1526
1416,2,7,30,730,605,4175
1781,3,7,30,730,520,4415
2147,5,7,30,730,422,3397
686,7,7,30,730,324,1960
321,6,7,31,731,411,3380
2148,6,7,31,731,430,3005
1052,2,7,31,731,497,2872
1782,4,7,31,731,483,3854
687,1,7,31,731,342,2412
1417,3,7,31,731,571,4113
1053,3,8,1,801,494,2914
322,7,8,1,801,239,1737
1783,5,8,1,801,509,4114
688,2,8,1,801,606,4504
2149,7,8,1,801,271,2305
1418,4,8,1,801,591,4273
1054,4,8,2,802,458,2843
1784,6,8,2,802,406,3492
689,3,8,2,802,639,4382
323,1,8,2,802,285,2181
2150,1,8,2,802,292,2696
1419,5,8,2,802,552,4194
1420,6,8,3,803,512,3405
690,4,8,3,803,672,4710
1785,7,8,3,803,216,1849
1055,5,8,3,803,447,2649
2151,2,8,3,803,446,3866
324,2,8,3,803,531,3973
1421,7,8,4,804,226,1800
2152,3,8,4,804,445,3826
1056,6,8,4,804,328,2042
1786,1,8,4,804,283,2239
691,5,8,4,804,627,4324
325,3,8,4,804,525,3997
326,4,8,5,805,511,4132
2153,4,8,5,805,440,3673
1057,7,8,5,805,220,1225
1422,1,8,5,805,306,2378
1787,2,8,5,805,473,3976
692,6,8,5,805,517,3472
2154,5,8,6,806,436,3660
693,7,8,6,806,258,1909
1423,2,8,6,806,623,4319
1058,1,8,6,806,253,1562
1788,3,8,6,806,549,4061
327,5,8,6,806,489,3791
2155,6,8,7,807,423,3136
1059,2,8,7,807,425,2751
1789,4,8,7,807,460,3702
694,1,8,7,807,354,2365
1424,3,8,7,807,596,4388
328,6,8,7,807,401,2968
1790,5,8,8,808,441,3622
1060,3,8,8,808,453,2634
2156,7,8,8,808,274,2223
695,2,8,8,808,618,4460
1425,4,8,8,808,606,4205
329,7,8,8,808,245,1752
696,3,8,9,809,653,4479
1791,6,8,9,809,373,3039
330,1,8,9,809,266,2070
2157,1,8,9,809,297,2623
1061,4,8,9,809,450,2704
1426,5,8,9,809,557,3973
331,2,8,10,810,545,3920
1062,5,8,10,810,401,2670
697,4,8,10,810,657,4510
1792,7,8,10,810,216,1848
2158,2,8,10,810,420,3638
1427,6,8,10,810,447,3510
1793,1,8,11,811,260,2082
1428,7,8,11,811,269,1913
698,5,8,11,811,620,4340
1063,6,8,11,811,377,2073
332,3,8,11,811,525,4106
2159,3,8,11,811,484,3740
1794,2,8,12,812,453,3807
333,4,8,12,812,560,4006
2160,4,8,12,812,427,3767
1064,7,8,12,812,219,1240
1429,1,8,12,812,360,2397
699,6,8,12,812,503,3508
334,5,8,13,813,506,3827
1430,2,8,13,813,565,4348
700,7,8,13,813,298,2030
2161,5,8,13,813,458,3621
1795,3,8,13,813,452,3993
1065,1,8,13,813,265,1530
2162,6,8,14,814,386,2971
1796,4,8,14,814,430,3567
1066,2,8,14,814,358,2392
1431,3,8,14,814,561,3966
701,1,8,14,814,350,2586
335,6,8,14,814,409,2944
1797,5,8,15,815,404,3484
2163,7,8,15,815,323,2221
1432,4,8,15,815,509,3805
336,7,8,15,815,239,1827
702,2,8,15,815,624,4476
1067,3,8,15,815,375,2675
2164,1,8,16,816,351,2724
1433,5,8,16,816,530,3866
337,1,8,16,816,289,2373
1068,4,8,16,816,475,2755
703,3,8,16,816,476,3232
1798,6,8,16,816,359,2994
704,4,8,17,817,608,4291
1434,6,8,17,817,482,3489
1799,7,8,17,817,202,1793
2165,2,8,17,817,457,3456
1069,5,8,17,817,403,2608
338,2,8,17,817,473,4031
1070,6,8,18,818,358,2163
2166,3,8,18,818,499,3581
705,5,8,18,818,599,4247
1800,1,8,18,818,244,2422
1435,7,8,18,818,286,2074
339,3,8,18,818,532,4027
1436,1,8,19,819,369,2519
2167,4,8,19,819,267,2064
1801,2,8,19,819,476,4070
340,4,8,19,819,504,3912
706,6,8,19,819,494,3477
1071,7,8,19,819,208,1304
341,5,8,20,820,524,3867
707,7,8,20,820,301,2169
1437,2,8,20,820,606,4202
1072,1,8,20,820,263,1969
1802,3,8,20,820,507,3987
708,1,8,21,821,355,2430
1438,3,8,21,821,564,4023
1073,2,8,21,821,494,2985
342,6,8,21,821,432,3304
1803,4,8,21,821,444,3355
1439,4,8,22,822,564,4048
709,2,8,22,822,643,4358
1074,3,8,22,822,487,3087
1804,5,8,22,822,332,2925
343,7,8,22,822,197,1685
1805,6,8,23,823,374,3010
710,3,8,23,823,699,4465
344,1,8,23,823,260,2130
1075,4,8,23,823,443,3047
1440,5,8,23,823,611,4150
345,2,8,24,824,515,3936
711,4,8,24,824,595,4550
1806,7,8,24,824,229,1896
1076,5,8,24,824,426,2961
1441,6,8,24,824,457,3154
346,3,8,25,825,541,4029
1077,6,8,25,825,332,2293
1442,7,8,25,825,305,2143
1807,1,8,25,825,294,2501
712,5,8,25,825,631,4147
347,4,8,26,826,552,4010
1443,1,8,26,826,333,2576
1808,2,8,26,826,457,3851
713,6,8,26,826,532,3634
1078,7,8,26,826,183,1261
348,5,8,27,827,498,4027
1809,3,8,27,827,453,4403
1444,2,8,27,827,587,4317
1079,1,8,27,827,228,1676
714,7,8,27,827,289,2014
349,6,8,28,828,415,2829
715,1,8,28,828,355,2687
1445,3,8,28,828,596,4421
1080,2,8,28,828,282,1786
1810,4,8,28,828,502,4627
1446,4,8,29,829,624,4563
350,7,8,29,829,204,1736
1081,3,8,29,829,465,3252
1811,5,8,29,829,505,4221
716,2,8,29,829,594,4376
1447,5,8,30,830,533,4055
1812,6,8,30,830,375,3025
717,3,8,30,830,604,4318
351,1,8,30,830,270,2517
1082,4,8,30,830,438,3082
1083,5,8,31,831,384,2721
1813,7,8,31,831,207,1998
718,4,8,31,831,599,4441
352,2,8,31,831,470,4029
1448,6,8,31,831,490,3427
1814,1,9,1,901,231,2297
1084,6,9,1,901,348,2217
1449,7,9,1,901,252,1731
353,3,9,1,901,532,4261
719,5,9,1,901,560,4234
1085,7,9,2,902,178,1271
354,4,9,2,902,481,4058
1450,1,9,2,902,348,2258
720,6,9,2,902,468,3027
1815,2,9,2,902,362,3192
1086,1,9,3,903,239,1742
721,7,9,3,903,275,1966
1451,2,9,3,903,467,3655
355,5,9,3,903,541,4392
1816,3,9,3,903,487,4087
1817,4,9,4,904,506,4787
356,6,9,4,904,375,3072
722,1,9,4,904,309,2446
1452,3,9,4,904,560,4456
1087,2,9,4,904,324,2293
357,7,9,5,905,216,1799
723,2,9,5,905,498,3779
1453,4,9,5,905,586,4566
1088,3,9,5,905,471,3155
1818,5,9,5,905,508,4483
1089,4,9,6,906,438,3159
1819,6,9,6,906,388,3571
358,1,9,6,906,266,2341
724,3,9,6,906,614,4619
1454,5,9,6,906,541,4314
1455,6,9,7,907,459,3557
1090,5,9,7,907,466,3054
359,2,9,7,907,391,3330
725,4,9,7,907,659,4983
1820,7,9,7,907,223,2263
1821,1,9,8,908,291,2948
1456,7,9,8,908,293,2281
1091,6,9,8,908,360,2440
360,3,9,8,908,548,4734
726,5,9,8,908,603,4645
1092,7,9,9,909,184,1532
727,6,9,9,909,491,3612
1822,2,9,9,909,502,4521
361,4,9,9,909,536,4801
1457,1,9,9,909,349,3346
1093,1,9,10,910,291,2247
1823,3,9,10,910,493,4563
728,7,9,10,910,254,2153
362,5,9,10,910,504,4399
1458,2,9,10,910,600,4711
363,6,9,11,911,417,3275
1459,3,9,11,911,539,4709
729,1,9,11,911,329,3089
1094,2,9,11,911,463,3570
1824,4,9,11,911,464,4598
1095,3,9,12,912,465,3524
1460,4,9,12,912,568,4379
364,7,9,12,912,206,2042
730,2,9,12,912,564,4580
1825,5,9,12,912,488,4603
365,1,9,13,913,259,2827
1096,4,9,13,913,433,3471
731,3,9,13,913,633,4788
1461,5,9,13,913,545,4357
1826,6,9,13,913,387,3349
366,2,9,14,914,483,4836
1462,6,9,14,914,489,3560
1827,7,9,14,914,265,2437
732,4,9,14,914,646,5095
1097,5,9,14,914,441,3303
1,1,9,14,914,152,2146
1828,1,9,15,915,285,3188
2,2,9,15,915,231,3621
367,3,9,15,915,521,4840
1463,7,9,15,915,244,2049
1098,6,9,15,915,348,2560
733,5,9,15,915,594,4668
368,4,9,16,916,454,4504
1829,2,9,16,916,559,5291
1464,1,9,16,916,320,2813
734,6,9,16,916,513,3711
1099,7,9,16,916,178,1470
3,3,9,16,916,278,3698
369,5,9,17,917,504,4379
1465,2,9,17,917,620,5064
1100,1,9,17,917,269,2234
4,4,9,17,917,287,3667
735,7,9,17,917,284,2523
1830,3,9,17,917,542,5477
736,1,9,18,918,425,3364
1466,3,9,18,918,626,5006
1101,2,9,18,918,473,3504
1831,4,9,18,918,504,5257
5,5,9,18,918,236,3316
370,6,9,18,918,404,3391
1102,3,9,19,919,458,3984
6,6,9,19,919,241,2815
737,2,9,19,919,729,5513
371,7,9,19,919,235,2045
1467,4,9,19,919,574,4949
1832,5,9,19,919,472,5000
372,1,9,20,920,264,2721
1103,4,9,20,920,472,3746
7,7,9,20,920,133,1658
738,3,9,20,920,667,5362
1833,6,9,20,920,415,3890
1468,5,9,20,920,592,4695
1469,6,9,21,921,450,3516
1834,7,9,21,921,255,2654
739,4,9,21,921,694,5402
1104,5,9,21,921,524,3524
373,2,9,21,921,537,4630
8,1,9,21,921,175,2288
9,2,9,22,922,274,3638
1470,7,9,22,922,330,2460
1835,1,9,22,922,312,3656
1105,6,9,22,922,353,2639
374,3,9,22,922,536,4748
740,5,9,22,922,697,5398
375,4,9,23,923,484,4702
1471,1,9,23,923,394,2994
10,3,9,23,923,268,4462
1106,7,9,23,923,203,1523
1836,2,9,23,923,513,5223
741,6,9,23,923,529,3783
11,4,9,24,924,284,4414
742,7,9,24,924,294,2395
1107,1,9,24,924,288,2425
1472,2,9,24,924,594,4688
1837,3,9,24,924,539,5276
376,5,9,24,924,482,4440
1108,2,9,25,925,503,3671
743,1,9,25,925,430,3679
1473,3,9,25,925,596,4924
377,6,9,25,925,402,3513
1838,4,9,25,925,532,5476
12,5,9,25,925,286,4315
1109,3,9,26,926,474,3669
744,2,9,26,926,755,5688
1474,4,9,26,926,610,5209
1839,5,9,26,926,510,5196
378,7,9,26,926,238,2253
13,6,9,26,926,216,3323
745,3,9,27,927,737,5842
1110,4,9,27,927,446,3537
1475,5,9,27,927,644,5966
14,7,9,27,927,140,1656
379,1,9,27,927,311,3141
1840,6,9,27,927,415,4052
380,2,9,28,928,519,5122
15,1,9,28,928,193,2465
1111,5,9,28,928,459,3413
746,4,9,28,928,776,5923
1841,7,9,28,928,249,2635
1476,6,9,28,928,528,4740
747,5,9,29,929,735,5717
16,2,9,29,929,296,4096
1477,7,9,29,929,252,2715
1112,6,9,29,929,348,2699
1842,1,9,29,929,354,4076
381,3,9,29,929,563,5151
1843,2,9,30,930,538,5167
382,4,9,30,930,521,4969
17,3,9,30,930,312,4474
748,6,9,30,930,611,4250
1113,7,9,30,930,231,1829
1478,1,9,30,930,379,3739
18,4,10,1,1001,308,4124
1844,3,10,1,1001,552,4972
383,5,10,1,1001,489,4619
749,7,10,1,1001,330,2525
1479,2,10,1,1001,651,5841
1114,1,10,1,1001,305,2379
750,1,10,2,1002,464,3923
384,6,10,2,1002,402,3443
1480,3,10,2,1002,582,5881
1845,4,10,2,1002,474,5143
19,5,10,2,1002,250,3514
1115,2,10,2,1002,448,3637
20,6,10,3,1003,241,3005
751,2,10,3,1003,736,5785
1846,5,10,3,1003,513,4753
1481,4,10,3,1003,614,5540
385,7,10,3,1003,251,2302
1116,3,10,3,1003,534,3775
1847,6,10,4,1004,414,3795
1482,5,10,4,1004,588,5636
386,1,10,4,1004,333,3291
21,7,10,4,1004,162,2054
1117,4,10,4,1004,486,3572
752,3,10,4,1004,742,6052
753,4,10,5,1005,774,6150
1118,5,10,5,1005,465,3605
1848,7,10,5,1005,291,2920
1483,6,10,5,1005,482,4479
387,2,10,5,1005,567,5206
22,1,10,5,1005,200,2847
23,2,10,6,1006,328,4501
1484,7,10,6,1006,344,3076
1119,6,10,6,1006,408,2774
388,3,10,6,1006,603,5474
1849,1,10,6,1006,379,3950
754,5,10,6,1006,715,5591
1485,1,10,7,1007,408,3973
1120,7,10,7,1007,248,1780
389,4,10,7,1007,584,5400
755,6,10,7,1007,580,4279
24,3,10,7,1007,359,4603
1850,2,10,7,1007,497,5493
25,4,10,8,1008,351,4187
1851,3,10,8,1008,481,5652
1486,2,10,8,1008,651,6045
1121,1,10,8,1008,313,2469
390,5,10,8,1008,577,5334
756,7,10,8,1008,349,2897
26,5,10,9,1009,319,4343
1487,3,10,9,1009,651,6126
391,6,10,9,1009,475,4174
1122,2,10,9,1009,521,3881
1852,4,10,9,1009,548,5617
757,1,10,9,1009,499,3904
758,2,10,10,1010,703,5458
1123,3,10,10,1010,489,3767
1488,4,10,10,1010,703,6084
27,6,10,10,1010,282,3565
1853,5,10,10,1010,541,5234
392,7,10,10,1010,256,2571
1489,5,10,11,1011,622,6154
28,7,10,11,1011,177,2080
1854,6,10,11,1011,473,4118
1124,4,10,11,1011,589,4082
759,3,10,11,1011,714,5909
393,1,10,11,1011,353,3572
1490,6,10,12,1012,601,4868
394,2,10,12,1012,547,5018
1855,7,10,12,1012,308,2863
760,4,10,12,1012,797,6175
1125,5,10,12,1012,528,4047
29,1,10,12,1012,233,3031
1856,1,10,13,1013,368,4032
1491,7,10,13,1013,373,3409
1126,6,10,13,1013,408,2877
395,3,10,13,1013,623,5565
761,5,10,13,1013,841,5856
30,2,10,13,1013,366,4814
1857,2,10,14,1014,556,5476
1492,1,10,14,1014,498,4722
396,4,10,14,1014,645,5420
1127,7,10,14,1014,261,2073
31,3,10,14,1014,387,5040
762,6,10,14,1014,668,4610
32,4,10,15,1015,421,5028
1128,1,10,15,1015,327,2759
1858,3,10,15,1015,545,5542
1493,2,10,15,1015,784,6555
397,5,10,15,1015,577,5366
763,7,10,15,1015,405,3081
1129,2,10,16,1016,536,3817
1494,3,10,16,1016,759,7079
33,5,10,16,1016,376,4658
398,6,10,16,1016,495,4091
1859,4,10,16,1016,563,5340
764,1,10,16,1016,547,4390
34,6,10,17,1017,329,3624
399,7,10,17,1017,317,2824
1495,4,10,17,1017,780,6691
1130,3,10,17,1017,528,3949
765,2,10,17,1017,899,6507
1860,5,10,17,1017,572,5388
766,3,10,18,1018,914,6941
400,1,10,18,1018,384,3843
1131,4,10,18,1018,501,3867
1861,6,10,18,1018,422,4309
35,7,10,18,1018,203,2285
1496,5,10,18,1018,732,6522
1497,6,10,19,1019,533,4922
1132,5,10,19,1019,463,3621
1862,7,10,19,1019,326,3117
36,1,10,19,1019,286,3454
767,4,10,19,1019,815,6576
401,2,10,19,1019,649,5516
1498,7,10,20,1020,409,3409
1133,6,10,20,1020,448,2978
1863,1,10,20,1020,402,4234
37,2,10,20,1020,409,5307
768,5,10,20,1020,761,5985
402,3,10,20,1020,661,5572
1864,2,10,21,1021,637,5698
1134,7,10,21,1021,276,1992
1499,1,10,21,1021,469,4483
38,3,10,21,1021,421,5135
769,6,10,21,1021,657,4789
403,4,10,21,1021,584,5243
1135,1,10,22,1022,363,2851
770,7,10,22,1022,411,3263
1865,3,10,22,1022,596,5721
39,4,10,22,1022,434,5084
404,5,10,22,1022,616,5133
1500,2,10,22,1022,730,6666
1866,4,10,23,1023,623,6018
1501,3,10,23,1023,761,6991
40,5,10,23,1023,376,4650
1136,2,10,23,1023,526,4390
771,1,10,23,1023,574,4180
405,6,10,23,1023,506,4084
1137,3,10,24,1024,532,3886
772,2,10,24,1024,872,6371
41,6,10,24,1024,328,3571
1502,4,10,24,1024,811,6871
1867,5,10,24,1024,598,5563
406,7,10,24,1024,331,2739
42,7,10,25,1025,244,2354
407,1,10,25,1025,422,3781
1503,5,10,25,1025,752,6357
1138,4,10,25,1025,460,3424
1868,6,10,25,1025,500,4159
773,3,10,25,1025,890,6648
408,2,10,26,1026,656,5684
1504,6,10,26,1026,641,5114
1869,7,10,26,1026,304,2732
1139,5,10,26,1026,526,4207
774,4,10,26,1026,897,6501
43,1,10,26,1026,290,3497
775,5,10,27,1027,857,6088
409,3,10,27,1027,645,5687
1140,6,10,27,1027,494,3345
44,2,10,27,1027,451,5294
1505,7,10,27,1027,394,3456
1870,1,10,27,1027,394,3901
410,4,10,28,1028,652,5906
1141,7,10,28,1028,290,2128
45,3,10,28,1028,423,4643
1506,1,10,28,1028,516,4924
1871,2,10,28,1028,591,5749
776,6,10,28,1028,669,4376
411,5,10,29,1029,652,5541
1872,3,10,29,1029,564,5821
1142,1,10,29,1029,318,2205
46,4,10,29,1029,416,4596
777,7,10,29,1029,406,2733
1507,2,10,29,1029,814,6837
778,1,10,30,1030,577,3953
412,6,10,30,1030,542,4171
1143,2,10,30,1030,546,4091
1508,3,10,30,1030,749,6481
47,5,10,30,1030,384,4162
1873,4,10,30,1030,607,5647
1874,5,10,31,1031,509,5219
779,2,10,31,1031,853,6108
1509,4,10,31,1031,771,6296
1144,3,10,31,1031,588,4223
48,6,10,31,1031,279,2933
413,7,10,31,1031,324,2586
1145,4,11,1,1101,593,4361
49,7,11,1,1101,226,2202
1510,5,11,1,1101,689,6044
780,3,11,1,1101,825,5668
414,1,11,1,1101,466,3838
1875,6,11,1,1101,406,4054
1511,6,11,2,1102,588,4860
415,2,11,2,1102,657,5675
1146,5,11,2,1102,590,4263
781,4,11,2,1102,845,6159
50,1,11,2,1102,264,3083
1876,7,11,2,1102,281,2815
416,3,11,3,1103,674,5624
782,5,11,3,1103,815,5810
1512,7,11,3,1103,343,3430
1877,1,11,3,1103,460,4253
1147,6,11,3,1103,494,3341
51,2,11,3,1103,428,4376
417,4,11,4,1104,646,5794
1878,2,11,4,1104,544,5816
52,3,11,4,1104,402,4704
783,6,11,4,1104,724,4491
1513,1,11,4,1104,492,4638
1148,7,11,4,1104,327,2278
53,4,11,5,1105,403,4306
1514,2,11,5,1105,720,6365
784,7,11,5,1105,421,3110
1879,3,11,5,1105,627,5843
418,5,11,5,1105,652,5389
1149,1,11,5,1105,411,3097
1150,2,11,6,1106,575,4185
419,6,11,6,1106,525,4305
1880,4,11,6,1106,679,6058
1515,3,11,6,1106,735,6330
785,1,11,6,1106,568,4418
54,5,11,6,1106,407,4178
1881,5,11,7,1107,679,6291
1151,3,11,7,1107,652,4477
1516,4,11,7,1107,670,5865
420,7,11,7,1107,348,3281
55,6,11,7,1107,343,3236
786,2,11,7,1107,915,6529
1882,6,11,8,1108,518,4604
421,1,11,8,1108,419,3790
1152,4,11,8,1108,648,4354
56,7,11,8,1108,191,2010
1517,5,11,8,1108,640,5692
787,3,11,8,1108,814,5756
1883,7,11,9,1109,337,3354
57,1,11,9,1109,292,2901
1518,6,11,9,1109,616,5026
1153,5,11,9,1109,604,4194
422,2,11,9,1109,716,5894
788,4,11,9,1109,787,5716
1519,7,11,10,1110,410,3506
58,2,11,10,1110,440,4754
1154,6,11,10,1110,486,3240
1884,1,11,10,1110,441,4190
789,5,11,10,1110,776,5323
423,3,11,10,1110,660,5461
1885,2,11,11,1111,621,5931
424,4,11,11,1111,650,5206
1520,1,11,11,1111,556,4778
790,6,11,11,1111,644,4280
1155,7,11,11,1111,330,2424
59,3,11,11,1111,410,4417
791,7,11,12,1112,392,2982
425,5,11,12,1112,648,5228
1886,3,11,12,1112,712,6443
1156,1,11,12,1112,456,3168
1521,2,11,12,1112,797,6684
60,4,11,12,1112,454,4535
426,6,11,13,1113,535,4097
1157,2,11,13,1113,649,4709
1887,4,11,13,1113,703,5805
1522,3,11,13,1113,802,6766
61,5,11,13,1113,436,4274
792,1,11,13,1113,577,4365
427,7,11,14,1114,348,2694
793,2,11,14,1114,946,6627
1523,4,11,14,1114,802,6916
1158,3,11,14,1114,646,4634
62,6,11,14,1114,362,3382
1888,5,11,14,1114,603,5753
1159,4,11,15,1115,664,4545
794,3,11,15,1115,903,6467
1889,6,11,15,1115,525,4709
63,7,11,15,1115,208,2085
1524,5,11,15,1115,745,6440
428,1,11,15,1115,447,3893
64,1,11,16,1116,289,3083
1890,7,11,16,1116,370,3418
429,2,11,16,1116,678,6185
1160,5,11,16,1116,639,4532
1525,6,11,16,1116,634,5066
795,4,11,16,1116,919,6631
1526,7,11,17,1117,446,3503
65,2,11,17,1117,490,4860
430,3,11,17,1117,708,6178
1161,6,11,17,1117,490,3317
1891,1,11,17,1117,515,4821
796,5,11,17,1117,902,6378
797,6,11,18,1118,690,4767
66,3,11,18,1118,437,4893
431,4,11,18,1118,704,6067
1892,2,11,18,1118,714,6444
1527,1,11,18,1118,630,4855
1162,7,11,18,1118,355,2449
1528,2,11,19,1119,806,6818
798,7,11,19,1119,444,3501
1163,1,11,19,1119,451,2893
432,5,11,19,1119,679,5656
67,4,11,19,1119,488,4866
1893,3,11,19,1119,653,6607
799,1,11,20,1120,649,4647
433,6,11,20,1120,528,4398
1164,2,11,20,1120,580,4170
68,5,11,20,1120,458,4584
1529,3,11,20,1120,784,6239
1894,4,11,20,1120,666,6726
800,2,11,21,1121,905,6336
1165,3,11,21,1121,607,4277
1895,5,11,21,1121,622,6334
69,6,11,21,1121,389,3914
1530,4,11,21,1121,710,5471
434,7,11,21,1121,345,2836
801,3,11,22,1122,918,6222
1166,4,11,22,1122,547,3588
70,7,11,22,1122,253,2431
1896,6,11,22,1122,490,4575
1531,5,11,22,1122,594,4453
435,1,11,22,1122,503,3896
1167,5,11,23,1123,477,3141
1532,6,11,23,1123,545,4062
71,1,11,23,1123,287,3157
802,4,11,23,1123,822,5527
436,2,11,23,1123,693,5814
1897,7,11,23,1123,356,3414
1898,1,11,24,1124,455,4535
72,2,11,24,1124,469,5045
437,3,11,24,1124,665,5879
1533,7,11,24,1124,458,3485
1168,6,11,24,1124,414,2658
803,5,11,24,1124,636,4267
804,6,11,25,1125,543,3733
73,3,11,25,1125,415,4746
1899,2,11,25,1125,631,5970
438,4,11,25,1125,621,4800
1169,7,11,25,1125,325,2391
1534,1,11,25,1125,556,4906
805,7,11,26,1126,487,3299
74,4,11,26,1126,406,4314
1170,1,11,26,1126,453,3202
439,5,11,26,1126,491,3838
1535,2,11,26,1126,859,7099
1900,3,11,26,1126,593,5630
806,1,11,27,1127,674,4530
440,6,11,27,1127,461,3576
75,5,11,27,1127,314,3663
1171,2,11,27,1127,650,4349
1536,3,11,27,1127,914,7503
1901,4,11,27,1127,598,5384
1537,4,11,28,1128,897,7554
807,2,11,28,1128,880,6908
76,6,11,28,1128,337,3270
1172,3,11,28,1128,692,4886
441,7,11,28,1128,322,2799
1902,5,11,28,1128,476,4201
442,1,11,29,1129,522,4228
77,7,11,29,1129,281,2905
808,3,11,29,1129,969,7714
1538,5,11,29,1129,838,7169
1903,6,11,29,1129,443,3799
1173,4,11,29,1129,660,4555
78,1,11,30,1130,343,4016
809,4,11,30,1130,1036,7490
1539,6,11,30,1130,684,5608
1174,5,11,30,1130,604,4477
443,2,11,30,1130,753,6331
1904,7,11,30,1130,390,3301
79,2,12,1,1201,560,5266
1905,1,12,1,1201,459,4420
1175,6,12,1,1201,547,3577
444,3,12,1,1201,716,6380
810,5,12,1,1201,961,7190
1540,7,12,1,1201,494,4055
1176,7,12,2,1202,366,2430
811,6,12,2,1202,806,5391
80,3,12,2,1202,574,5795
1541,1,12,2,1202,647,5611
1906,2,12,2,1202,643,6384
445,4,12,2,1202,790,6314
1907,3,12,3,1203,690,6964
81,4,12,3,1203,561,5728
446,5,12,3,1203,749,6160
812,7,12,3,1203,489,3575
1177,1,12,3,1203,498,3449
1542,2,12,3,1203,947,7650
1543,3,12,4,1204,897,7372
447,6,12,4,1204,620,4859
1178,2,12,4,1204,654,4955
1908,4,12,4,1204,707,6957
82,5,12,4,1204,535,5293
813,1,12,4,1204,784,5285
814,2,12,5,1205,987,7330
1544,4,12,5,1205,850,7369
1179,3,12,5,1205,660,4475
83,6,12,5,1205,377,3934
1909,5,12,5,1205,682,6350
448,7,12,5,1205,428,3317
1545,5,12,6,1206,880,7250
84,7,12,6,1206,310,3071
815,3,12,6,1206,979,7489
1180,4,12,6,1206,686,4595
1910,6,12,6,1206,538,5324
449,1,12,6,1206,578,4715
1181,5,12,7,1207,636,4451
1911,7,12,7,1207,398,3795
85,1,12,7,1207,402,3876
816,4,12,7,1207,998,7345
1546,6,12,7,1207,736,5735
450,2,12,7,1207,833,6940
86,2,12,8,1208,546,5878
1182,6,12,8,1208,512,3418
451,3,12,8,1208,798,6551
817,5,12,8,1208,993,6679
1912,1,12,8,1208,477,5013
1547,7,12,8,1208,541,4614
1548,1,12,9,1209,710,5979
1913,2,12,9,1209,681,7005
818,6,12,9,1209,780,5403
87,3,12,9,1209,552,5712
452,4,12,9,1209,800,6327
1183,7,12,9,1209,372,2605
1914,3,12,10,1210,660,6606
1549,2,12,10,1210,956,7840
88,4,12,10,1210,594,5491
819,7,12,10,1210,509,3573
453,5,12,10,1210,748,6212
1184,1,12,10,1210,505,3483
89,5,12,11,1211,554,5144
820,1,12,11,1211,677,4834
1915,4,12,11,1211,662,6686
454,6,12,11,1211,617,4687
1550,3,12,11,1211,937,7659
1185,2,12,11,1211,694,4651
455,7,12,12,1212,427,3014
821,2,12,12,1212,957,6905
90,6,12,12,1212,442,3880
1551,4,12,12,1212,973,7319
1916,5,12,12,1212,662,6163
1186,3,12,12,1212,660,4029
456,1,12,13,1213,516,4132
822,3,12,13,1213,985,6743
1917,6,12,13,1213,471,4581
1552,5,12,13,1213,832,6373
1187,4,12,13,1213,596,4282
91,7,12,13,1213,300,2605
1553,6,12,14,1214,628,4897
823,4,12,14,1214,895,6201
457,2,12,14,1214,724,5989
1918,7,12,14,1214,282,2930
92,1,12,14,1214,391,3625
1188,5,12,14,1214,615,4138
1919,1,12,15,1215,392,3585
1554,7,12,15,1215,376,3325
458,3,12,15,1215,658,5331
1189,6,12,15,1215,592,4130
824,5,12,15,1215,842,5571
93,2,12,15,1215,478,4685
825,6,12,16,1216,589,3872
1190,7,12,16,1216,332,2581
459,4,12,16,1216,640,5183
94,3,12,16,1216,477,4891
1555,1,12,16,1216,465,3874
1920,2,12,16,1216,525,4925
1556,2,12,17,1217,729,5436
1191,1,12,17,1217,424,3355
460,5,12,17,1217,598,4769
1921,3,12,17,1217,546,4743
826,7,12,17,1217,404,2613
95,4,12,17,1217,447,4222
461,6,12,18,1218,447,3627
96,5,12,18,1218,415,3691
1922,4,12,18,1218,472,4716
1192,2,12,18,1218,618,4482
827,1,12,18,1218,440,3109
1557,3,12,18,1218,617,5174
1558,4,12,19,1219,623,4873
1923,5,12,19,1219,440,3793
462,7,12,19,1219,232,1857
97,6,12,19,1219,320,2748
1193,3,12,19,1219,565,4584
828,2,12,19,1219,668,4324
829,3,12,20,1220,725,4226
98,7,12,20,1220,175,1380
1559,5,12,20,1220,552,3913
1194,4,12,20,1220,528,4106
1924,6,12,20,1220,323,2688
463,1,12,20,1220,285,2221
830,4,12,21,1221,636,3991
1560,6,12,21,1221,436,2934
99,1,12,21,1221,178,1474
464,2,12,21,1221,429,3335
1195,5,12,21,1221,445,3378
1925,7,12,21,1221,157,1682
1561,7,12,22,1222,228,1523
1196,6,12,22,1222,333,2446
1926,1,12,22,1222,221,1880
831,5,12,22,1222,483,3160
100,2,12,22,1222,321,2452
465,3,12,22,1222,408,2883
1562,1,12,23,1223,226,1859
1927,2,12,23,1223,296,2451
101,3,12,23,1223,281,2298
1197,7,12,23,1223,205,1447
832,6,12,23,1223,369,2386
466,4,12,23,1223,309,2353
833,7,12,24,1224,191,1115
102,4,12,24,1224,175,1430
1563,2,12,24,1224,291,1835
467,5,12,24,1224,213,1578
1198,1,12,24,1224,199,1326
1928,3,12,24,1224,220,1644
468,6,12,25,1225,138,1017
1199,2,12,25,1225,206,1609
103,5,12,25,1225,145,1002
1564,3,12,25,1225,259,1852
1929,4,12,25,1225,176,1483
834,1,12,25,1225,190,1387
1565,4,12,26,1226,351,2357
1930,5,12,26,1226,253,1864
835,2,12,26,1226,276,2147
1200,3,12,26,1226,333,2481
469,7,12,26,1226,176,1334
104,6,12,26,1226,197,1486
1201,4,12,27,1227,390,2798
1566,5,12,27,1227,365,2583
1931,6,12,27,1227,210,1927
105,7,12,27,1227,160,1345
470,1,12,27,1227,208,1690
836,3,12,27,1227,428,2686
1932,7,12,28,1228,200,1679
1567,6,12,28,1228,334,2477
471,2,12,28,1228,355,2838
837,4,12,28,1228,439,2885
1202,5,12,28,1228,372,2809
106,1,12,28,1228,183,1453
838,5,12,29,1229,437,2694
472,3,12,29,1229,367,2815
107,2,12,29,1229,244,2173
1203,6,12,29,1229,327,2216
1933,1,12,29,1229,188,1962
1568,7,12,29,1229,207,1694
1934,2,12,30,1230,283,2469
839,6,12,30,1230,377,2273
1204,7,12,30,1230,232,1546
1569,1,12,30,1230,243,1985
473,4,12,30,1230,326,2382
108,3,12,30,1230,252,2208
1570,2,12,31,1231,285,1723
1205,1,12,31,1231,199,1339
840,7,12,31,1231,193,1188
474,5,12,31,1231,226,1587
109,4,12,31,1231,182,1381
1935,3,12,31,1231,187,1750
