instant,class code,largest spot code,spot dist code,Activity,Evolution,Previous 24 hour code,Historically-complex,become complex,Area,Area of the largest spot,target
0,1,4,2,1,3.0,1.0,1,2,1,1,0
1,1,4,2,2,3.0,1.0,1,2,1,1,0
2,5,4,3,1,2.0,1.0,1,1,1,1,1
3,1,3,2,1,2.0,1.0,2,2,1,1,0
4,5,4,3,1,3.0,1.0,1,2,1,1,0
5,5,4,3,1,2.0,1.0,1,2,1,1,0
6,2,3,2,1,3.0,1.0,1,2,1,1,1
7,3,0,1,1,2.0,1.0,2,2,1,1,1
8,5,0,3,1,3.0,1.0,1,2,1,1,0
9,1,4,2,2,3.0,3.0,1,2,1,1,0
10,1,3,2,1,2.0,1.0,1,2,1,1,0
11,2,0,1,1,2.0,1.0,1,2,1,1,0
12,2,3,1,1,3.0,1.0,1,2,1,1,0
13,1,3,2,1,3.0,1.0,1,2,1,1,0
14,0,5,1,1,3.0,1.0,1,2,1,1,0
15,2,3,2,1,3.0,1.0,1,2,1,1,0
16,0,5,2,1,3.0,1.0,1,2,1,1,0
17,2,3,2,1,3.0,1.0,1,2,1,1,0
18,2,3,1,2,3.0,2.0,2,2,1,1,0
19,5,3,3,2,2.0,1.0,2,2,1,1,0
20,5,4,3,1,2.0,1.0,1,2,1,1,0
21,2,0,1,1,3.0,1.0,2,2,1,1,0
22,0,5,2,1,2.0,1.0,1,2,1,1,0
23,5,4,3,1,3.0,1.0,2,2,1,1,0
24,5,4,3,1,2.0,1.0,2,2,1,1,0
25,2,4,1,1,3.0,1.0,2,2,1,1,0
26,5,4,3,1,2.0,1.0,1,1,1,1,1
27,5,4,3,1,2.0,1.0,1,2,1,1,0
28,0,5,2,1,3.0,1.0,1,2,1,1,0
29,0,5,2,1,2.0,1.0,1,2,1,1,0
30,3,2,0,2,2.0,3.0,2,2,2,1,0
31,3,4,2,1,3.0,1.0,1,2,1,1,1
32,5,3,3,1,3.0,1.0,1,2,1,1,0
33,0,5,2,1,1.0,1.0,2,2,1,1,0
34,3,0,2,1,3.0,1.0,2,2,1,1,0
35,0,5,2,1,3.0,1.0,1,2,1,1,0
36,2,0,1,1,3.0,1.0,1,2,1,1,1
37,2,3,2,1,3.0,1.0,1,2,1,1,0
38,1,4,1,1,3.0,1.0,1,2,1,1,0
39,0,5,2,1,1.0,1.0,1,2,1,1,0
40,5,4,3,1,2.0,1.0,2,1,1,1,0
41,1,3,1,1,3.0,1.0,1,2,1,1,0
42,0,5,2,1,2.0,1.0,1,2,1,1,0
43,3,3,0,2,3.0,1.0,1,2,1,1,0
44,5,3,3,1,2.0,1.0,1,1,1,1,0
45,2,0,1,1,3.0,1.0,1,2,1,1,0
46,5,3,3,1,1.0,1.0,2,2,1,1,0
47,2,2,1,2,3.0,1.0,2,2,1,1,1
48,1,3,2,1,3.0,1.0,1,2,1,1,0
49,1,3,2,1,3.0,1.0,1,2,1,1,0
50,5,4,3,1,2.0,1.0,2,1,1,1,0
51,5,4,3,1,3.0,1.0,2,2,1,1,0
52,5,0,3,1,3.0,1.0,2,1,1,1,0
53,2,4,2,2,3.0,1.0,2,2,1,1,1
54,0,5,2,1,3.0,1.0,1,2,1,1,0
55,1,4,2,1,2.0,1.0,1,2,1,1,0
56,3,0,1,1,3.0,1.0,2,2,1,1,0
57,5,0,3,1,2.0,1.0,2,1,1,1,0
58,0,5,2,1,3.0,1.0,1,2,1,1,0
59,2,2,1,2,3.0,1.0,2,2,1,1,0
60,2,0,1,1,3.0,1.0,1,2,1,1,0
61,4,4,1,2,2.0,1.0,2,2,1,1,0
62,5,1,3,1,3.0,1.0,2,1,1,1,0
63,1,4,2,1,2.0,1.0,2,2,1,1,0
64,2,0,2,2,3.0,1.0,1,2,1,1,0
65,3,1,2,2,2.0,2.0,2,2,1,1,0
66,5,4,3,1,2.0,1.0,1,1,1,1,0
67,0,5,1,1,3.0,1.0,1,2,1,1,0
68,3,4,1,1,3.0,1.0,1,2,1,1,0
69,2,0,1,1,3.0,1.0,1,2,1,1,0
70,5,4,3,1,2.0,1.0,1,2,1,1,0
71,2,3,0,2,3.0,1.0,1,2,1,1,1
72,5,4,3,2,2.0,1.0,1,1,1,1,1
73,1,4,2,1,1.0,1.0,1,2,1,1,0
74,1,4,2,1,2.0,1.0,1,2,1,1,0
75,5,4,3,1,2.0,1.0,1,1,1,1,0
76,2,3,2,1,3.0,1.0,1,2,1,1,0
77,3,4,1,2,2.0,1.0,2,2,1,1,1
78,3,4,2,1,2.0,1.0,1,2,1,1,1
79,1,3,2,1,2.0,1.0,2,2,1,1,0
80,1,3,2,1,2.0,1.0,2,2,1,1,1
81,0,5,2,1,2.0,1.0,1,2,1,1,0
82,3,0,1,2,3.0,3.0,2,2,1,1,1
83,5,4,3,1,2.0,1.0,1,2,1,1,0
84,0,5,2,1,2.0,1.0,1,2,1,1,0
85,5,4,3,1,2.0,1.0,1,1,1,1,0
86,0,5,2,1,1.0,1.0,2,2,1,1,0
87,3,0,1,1,2.0,1.0,2,2,1,1,0
88,0,5,2,1,2.0,1.0,2,2,1,1,1
89,5,4,3,1,1.0,1.0,2,2,1,1,0
90,4,0,1,1,2.0,1.0,2,2,1,1,1
91,1,4,2,1,3.0,1.0,1,2,1,1,0
92,2,0,1,1,3.0,1.0,2,2,1,1,1
93,5,4,3,1,1.0,1.0,1,1,1,1,0
94,3,2,0,2,3.0,1.0,2,2,2,1,1
95,2,0,1,2,3.0,2.0,1,2,1,1,0
96,5,0,3,1,2.0,1.0,1,1,1,1,0
97,1,1,2,1,3.0,1.0,1,2,1,1,0
98,5,3,3,1,2.0,1.0,2,1,1,1,0
99,2,0,1,1,3.0,1.0,1,2,1,1,0
100,3,0,0,1,3.0,1.0,1,2,1,1,1
101,1,0,2,1,2.0,1.0,2,2,1,1,0
102,3,0,2,2,2.0,1.0,2,2,1,1,1
103,5,4,3,1,3.0,1.0,1,2,1,1,0
104,0,5,2,1,2.0,1.0,1,2,1,1,0
105,2,0,1,1,3.0,1.0,2,2,1,1,0
106,1,0,2,2,2.0,3.0,2,2,1,1,0
107,0,5,2,1,1.0,1.0,2,2,1,1,0
108,2,0,1,2,3.0,1.0,1,2,1,1,1
109,1,3,2,1,2.0,1.0,1,2,1,1,0
110,4,4,1,1,3.0,1.0,2,2,1,1,0
111,1,3,2,1,3.0,1.0,1,2,1,1,0
112,5,4,3,1,1.0,1.0,1,2,1,1,0
113,1,3,2,1,3.0,1.0,1,2,1,1,0
114,2,4,2,1,2.0,1.0,2,2,1,1,1
115,5,4,3,1,3.0,1.0,1,1,1,1,0
116,3,0,2,2,2.0,1.0,2,2,1,1,0
117,3,4,2,1,2.0,1.0,1,2,1,1,0
118,4,2,1,1,2.0,1.0,2,2,2,1,0
119,1,4,2,2,2.0,1.0,2,2,1,1,0
120,4,0,1,1,2.0,1.0,2,2,1,1,0
121,5,4,3,1,2.0,1.0,2,1,1,1,0
122,5,4,3,1,2.0,1.0,1,1,1,1,0
123,5,4,3,1,3.0,1.0,2,1,1,1,0
124,5,4,3,1,2.0,1.0,1,1,1,1,0
125,3,0,2,2,2.0,1.0,2,2,1,1,0
126,2,1,2,1,3.0,1.0,1,2,1,1,0
127,2,0,1,2,2.0,1.0,2,2,1,1,1
128,0,5,2,1,2.0,1.0,2,2,1,1,0
129,0,5,2,1,3.0,1.0,1,2,1,1,0
130,4,1,2,1,2.0,1.0,1,2,1,1,0
131,4,0,1,2,2.0,1.0,2,2,1,1,0
132,2,4,1,1,3.0,1.0,1,2,1,1,0
133,1,0,2,1,3.0,1.0,2,2,1,1,0
134,1,3,2,1,3.0,1.0,1,2,1,1,1
135,2,4,1,2,2.0,1.0,2,2,1,1,1
136,2,0,1,2,3.0,1.0,2,2,1,1,1
137,5,4,3,1,2.0,1.0,1,2,1,1,0
138,5,4,3,1,3.0,1.0,1,1,1,1,1
139,2,3,1,1,2.0,1.0,2,2,1,1,0
140,5,4,3,1,2.0,1.0,1,1,1,1,0
141,0,5,2,1,3.0,1.0,1,2,1,1,0
142,1,4,2,1,3.0,1.0,1,2,1,1,0
143,5,0,3,1,3.0,1.0,1,1,1,1,0
144,0,5,2,2,2.0,1.0,2,2,1,1,0
145,5,1,3,1,3.0,1.0,1,1,1,1,0
146,5,4,3,1,2.0,1.0,1,1,1,1,0
147,5,3,3,1,2.0,1.0,2,2,1,1,0
148,2,0,1,1,3.0,1.0,2,2,1,1,0
149,1,4,2,1,2.0,1.0,2,2,1,1,0
150,2,4,2,1,3.0,1.0,1,2,1,1,0
151,5,4,3,1,2.0,1.0,1,2,1,1,0
152,5,4,3,1,3.0,1.0,1,1,1,1,0
153,5,3,3,1,2.0,1.0,1,2,1,1,0
154,1,4,2,1,3.0,1.0,1,2,1,1,0
155,2,4,1,1,3.0,1.0,1,2,1,1,0
156,1,4,2,1,3.0,1.0,1,2,1,1,0
157,0,5,2,1,2.0,1.0,2,2,1,1,0
158,3,0,1,1,2.0,1.0,2,2,1,1,0
159,5,4,3,1,2.0,1.0,2,2,1,1,0
160,5,4,3,1,2.0,1.0,1,2,1,1,0
161,0,5,2,1,3.0,1.0,1,2,1,1,0
162,3,4,1,1,2.0,1.0,2,2,1,1,0
163,0,5,2,1,3.0,1.0,1,2,1,1,0
164,5,4,3,1,3.0,1.0,2,1,1,1,0
165,2,2,1,2,2.0,1.0,2,2,1,1,1
166,2,3,1,1,3.0,1.0,1,2,1,1,1
167,1,4,2,2,2.0,1.0,1,2,1,1,0
168,1,4,2,2,2.0,3.0,2,2,1,1,1
169,5,4,3,1,2.0,1.0,2,1,1,1,0
170,2,0,1,1,3.0,1.0,2,2,1,1,1
171,5,4,3,1,3.0,1.0,2,1,1,1,0
172,0,5,2,1,2.0,1.0,2,2,1,1,0
173,3,0,1,1,3.0,1.0,1,2,1,1,0
174,2,0,1,2,3.0,1.0,2,2,1,1,0
175,4,0,1,2,2.0,1.0,2,2,1,1,1
176,5,4,3,1,2.0,1.0,2,2,1,1,0
177,5,3,3,1,3.0,1.0,1,2,1,1,0
178,5,4,3,1,2.0,1.0,1,2,1,1,0
179,5,4,3,1,2.0,1.0,1,2,1,1,0
180,1,4,2,1,3.0,1.0,1,2,1,1,0
181,3,2,0,2,3.0,3.0,2,2,2,1,1
182,2,2,1,2,2.0,1.0,2,2,1,1,0
183,5,4,3,1,3.0,1.0,1,1,1,1,0
184,2,0,1,2,3.0,1.0,1,2,1,1,1
185,0,5,2,1,3.0,1.0,1,2,1,1,0
186,2,0,2,1,2.0,1.0,2,2,1,1,1
187,0,5,2,1,3.0,1.0,1,2,1,1,0
188,5,3,3,1,1.0,1.0,1,2,1,1,0
189,5,4,3,1,2.0,1.0,1,2,1,1,0
190,3,2,0,2,2.0,2.0,2,2,2,1,1
191,0,5,2,1,3.0,1.0,1,2,1,1,0
192,4,2,0,2,2.0,1.0,2,2,1,1,1
193,5,4,3,1,3.0,1.0,1,1,1,1,0
194,2,2,1,2,2.0,1.0,2,2,1,1,1
195,0,5,2,1,3.0,1.0,1,2,1,1,0
196,2,4,2,1,3.0,1.0,1,2,1,1,1
197,1,4,2,1,2.0,1.0,1,2,1,1,0
198,3,2,1,1,3.0,1.0,2,2,2,1,1
199,1,0,2,1,3.0,1.0,1,2,1,1,0
200,1,3,1,1,3.0,1.0,1,2,1,1,1
201,5,4,3,1,3.0,1.0,2,2,1,1,0
202,2,3,1,1,3.0,1.0,1,2,1,1,0
203,5,4,3,1,3.0,1.0,1,2,1,1,0
204,5,4,3,1,2.0,1.0,2,2,1,1,0
205,2,4,2,2,3.0,2.0,1,2,1,1,1
206,0,5,2,1,3.0,1.0,1,2,1,1,0
207,0,5,2,1,2.0,1.0,1,2,1,1,0
208,5,0,3,1,2.0,1.0,2,2,1,1,0
209,0,5,2,1,2.0,1.0,1,2,1,1,0
210,5,4,3,1,2.0,1.0,1,1,1,1,0
211,1,3,2,1,2.0,1.0,1,2,1,1,0
212,0,5,2,1,3.0,1.0,1,2,1,1,0
213,5,4,3,1,2.0,1.0,1,2,1,1,0
214,5,3,3,1,2.0,1.0,1,1,1,1,0
215,2,0,2,1,3.0,1.0,1,2,1,1,0
216,5,4,3,1,3.0,1.0,2,1,1,1,0
217,1,3,2,1,3.0,1.0,1,2,1,1,0
218,1,3,2,1,3.0,1.0,1,2,1,1,0
219,0,5,2,1,3.0,1.0,1,2,1,1,0
220,5,4,3,1,1.0,1.0,2,2,1,1,0
221,2,0,1,1,2.0,1.0,2,2,1,1,1
222,1,3,1,1,3.0,1.0,1,2,1,1,1
223,2,3,2,1,3.0,1.0,1,2,1,1,0
224,2,0,1,1,3.0,1.0,1,2,1,1,0
225,1,4,2,1,3.0,1.0,2,2,1,1,1
226,5,4,3,1,2.0,1.0,2,1,1,1,0
227,1,4,2,1,3.0,1.0,1,2,1,1,0
228,5,3,3,1,3.0,1.0,1,1,1,1,0
229,2,0,2,1,2.0,1.0,1,2,1,1,0
230,5,4,3,1,2.0,1.0,1,2,1,1,0
231,1,3,2,1,3.0,1.0,1,2,1,1,0
232,5,4,3,1,3.0,1.0,1,1,1,1,0
233,5,0,3,1,2.0,1.0,1,1,1,1,0
234,0,5,2,1,2.0,1.0,1,2,1,1,0
235,2,0,1,1,2.0,1.0,2,2,1,1,0
236,0,5,2,1,3.0,1.0,1,2,1,1,0
237,0,5,2,1,2.0,1.0,1,2,1,1,0
238,2,3,2,1,2.0,1.0,1,2,1,1,0
239,5,3,3,1,1.0,1.0,1,2,1,1,0
240,1,4,2,1,2.0,1.0,1,2,1,1,0
241,5,4,3,1,2.0,1.0,2,1,1,1,0
242,5,4,3,1,2.0,1.0,1,2,1,1,0
243,5,4,3,1,3.0,1.0,2,2,1,1,0
244,5,4,3,1,2.0,1.0,1,2,1,1,0
245,5,4,3,1,1.0,1.0,2,2,1,1,0
246,1,4,2,2,2.0,1.0,1,2,1,1,1
247,2,4,1,1,2.0,1.0,2,2,1,1,0
248,3,0,1,1,2.0,1.0,2,2,1,1,0
249,2,4,1,1,1.0,1.0,2,2,1,1,0
250,2,0,1,1,2.0,1.0,2,2,1,1,1
251,2,2,1,2,2.0,1.0,2,2,1,1,0
252,5,4,3,1,2.0,1.0,2,1,1,1,0
253,2,3,2,1,3.0,1.0,1,2,1,1,0
254,5,0,3,1,2.0,1.0,2,2,1,1,0
255,1,0,2,1,2.0,1.0,2,2,1,1,0
256,1,4,2,1,2.0,1.0,2,2,1,1,0
257,5,2,3,1,3.0,1.0,1,1,1,1,0
258,0,5,2,1,3.0,1.0,1,2,1,1,0
259,5,3,3,1,3.0,1.0,1,2,1,1,0
260,1,3,2,1,3.0,1.0,1,2,1,1,0
261,5,4,3,1,1.0,1.0,1,2,1,1,0
262,1,4,2,1,2.0,1.0,1,2,1,1,0
263,2,0,1,1,2.0,1.0,2,2,1,1,0
264,0,5,2,2,3.0,1.0,1,2,1,1,0
265,2,3,2,1,2.0,1.0,1,2,1,1,0
266,5,4,3,2,2.0,1.0,2,2,1,1,0
267,5,4,3,1,2.0,1.0,1,2,1,1,1
268,2,3,2,1,1.0,1.0,1,2,1,1,0
269,1,4,2,1,3.0,1.0,1,2,1,1,1
270,2,0,2,1,2.0,1.0,2,2,1,1,0
271,1,4,2,1,2.0,1.0,1,2,1,1,0
272,3,4,2,1,3.0,1.0,1,2,1,1,0
273,0,5,2,1,3.0,1.0,1,2,1,1,0
274,5,4,3,1,3.0,1.0,1,1,1,1,0
275,3,0,1,1,3.0,1.0,2,2,1,1,1
276,5,4,3,1,2.0,1.0,2,1,1,1,0
277,3,4,2,1,3.0,1.0,1,2,1,1,0
278,1,4,2,1,2.0,1.0,1,2,1,1,0
279,2,0,0,1,2.0,1.0,2,2,1,1,0
280,0,5,2,2,2.0,1.0,1,2,1,1,0
281,2,4,1,1,3.0,1.0,1,2,1,1,1
282,1,4,2,1,3.0,1.0,1,2,1,1,0
283,5,4,3,1,2.0,1.0,2,2,1,1,0
284,1,3,2,1,2.0,1.0,1,2,1,1,0
285,2,0,2,1,3.0,1.0,2,2,1,1,0
286,2,4,2,1,3.0,1.0,2,2,1,1,0
287,4,0,1,1,1.0,1.0,2,2,1,1,0
288,5,3,3,1,3.0,1.0,1,2,1,1,0
289,5,4,3,1,1.0,1.0,1,1,1,1,0
290,5,4,3,1,2.0,1.0,1,1,1,1,0
291,3,0,1,2,3.0,1.0,2,2,1,1,1
292,0,5,2,1,3.0,1.0,1,2,1,1,0
293,1,4,2,1,2.0,1.0,1,2,1,1,1
294,2,3,2,1,3.0,1.0,1,2,1,1,0
295,4,4,1,1,3.0,1.0,2,2,1,1,1
296,1,0,2,1,2.0,1.0,1,2,1,1,0
297,2,2,1,2,3.0,2.0,2,2,1,1,1
298,5,4,3,1,3.0,1.0,1,1,1,1,0
299,1,3,2,1,3.0,1.0,1,2,1,1,0
300,3,4,1,2,2.0,1.0,2,2,1,1,0
301,2,3,2,1,2.0,1.0,1,2,1,1,0
302,4,0,1,2,2.0,1.0,2,2,1,1,0
303,3,0,1,2,2.0,1.0,2,2,1,1,0
304,2,0,1,1,3.0,1.0,2,2,1,1,1
305,0,5,2,1,2.0,1.0,1,2,1,1,0
306,2,0,1,1,2.0,1.0,2,2,1,1,0
307,2,1,2,1,3.0,1.0,2,2,1,1,0
308,5,4,3,1,2.0,1.0,1,1,1,1,0
309,5,4,3,1,2.0,1.0,1,1,1,1,0
310,5,0,3,1,3.0,1.0,2,2,1,1,0
311,1,4,2,1,2.0,1.0,2,2,1,1,0
312,0,5,2,1,3.0,1.0,1,2,1,1,0
313,3,2,0,2,3.0,3.0,2,2,2,1,1
314,2,3,1,2,2.0,1.0,2,2,1,1,0
315,1,4,2,1,3.0,1.0,2,2,1,1,1
316,2,3,0,1,3.0,1.0,2,2,1,1,1
317,2,4,2,1,2.0,1.0,2,2,1,1,0
318,2,0,2,1,3.0,1.0,2,2,1,1,0
319,2,4,1,1,3.0,1.0,1,2,1,1,0
320,5,3,3,1,2.0,1.0,1,2,1,1,0
321,3,0,1,2,2.0,1.0,1,2,1,1,1
322,0,5,2,1,3.0,1.0,1,2,1,1,0
323,1,4,2,1,2.0,1.0,1,2,1,1,1
324,1,3,2,1,3.0,1.0,1,2,1,1,0
325,5,4,3,1,2.0,1.0,2,1,1,1,0
326,1,3,2,1,3.0,1.0,1,2,1,1,0
327,5,4,3,1,2.0,1.0,2,1,1,1,0
328,5,4,3,1,2.0,1.0,2,1,1,1,0
329,5,4,3,1,2.0,1.0,2,1,1,1,0
330,0,5,2,1,1.0,1.0,1,2,1,1,0
331,5,4,3,1,2.0,1.0,1,2,1,1,0
332,1,4,2,1,3.0,1.0,2,2,1,1,0
333,5,1,3,1,3.0,1.0,1,2,1,1,0
334,5,0,3,1,2.0,1.0,1,1,1,1,1
335,5,3,3,1,1.0,1.0,2,2,1,1,0
336,3,0,1,1,3.0,1.0,2,2,1,1,0
337,2,3,2,1,2.0,1.0,1,2,1,1,0
338,4,0,0,2,2.0,1.0,2,2,1,1,1
339,5,3,3,1,1.0,1.0,1,2,1,1,0
340,5,3,3,1,2.0,1.0,1,2,1,1,0
341,2,0,2,2,3.0,1.0,1,2,1,1,0
342,2,4,2,1,3.0,1.0,1,2,1,1,0
343,4,0,1,2,3.0,1.0,2,2,2,1,1
344,5,3,3,1,2.0,1.0,1,2,1,1,0
345,5,3,3,1,3.0,1.0,1,2,1,1,0
346,5,4,3,1,3.0,1.0,1,1,1,1,0
347,2,0,1,2,2.0,1.0,2,2,1,1,1
348,0,4,2,1,2.0,1.0,1,2,1,1,0
349,1,4,2,1,3.0,1.0,1,2,1,1,0
350,5,4,3,1,2.0,1.0,1,2,1,1,0
351,3,1,1,1,3.0,1.0,2,2,1,1,1
352,2,0,2,1,1.0,1.0,2,2,1,1,0
353,5,4,3,1,2.0,1.0,1,1,1,1,0
354,0,5,1,1,3.0,1.0,1,2,1,1,0
355,0,5,2,1,1.0,1.0,1,2,1,1,0
356,2,3,2,1,1.0,1.0,2,2,1,1,0
357,2,0,1,2,3.0,1.0,2,2,1,1,0
358,2,0,1,2,3.0,3.0,1,2,1,1,1
359,0,5,2,1,3.0,1.0,1,2,1,1,0
360,4,0,1,2,2.0,1.0,2,2,1,1,1
361,0,5,2,1,3.0,1.0,1,2,1,1,0
362,1,3,2,1,1.0,1.0,1,2,1,1,0
363,5,4,3,1,2.0,1.0,1,2,1,1,0
364,3,0,1,1,3.0,1.0,2,2,1,1,0
365,5,4,3,1,2.0,1.0,1,1,1,1,0
366,5,4,3,2,3.0,1.0,2,2,1,1,0
367,1,0,2,1,1.0,1.0,1,2,1,1,0
368,5,3,3,1,1.0,1.0,1,2,1,1,1
369,3,0,0,1,3.0,1.0,2,2,1,1,0
370,1,0,2,1,3.0,1.0,2,2,1,1,0
371,2,0,1,1,3.0,1.0,2,2,1,1,0
372,1,4,2,1,3.0,1.0,1,2,1,1,0
373,5,4,3,1,3.0,1.0,1,1,1,1,0
374,0,5,2,1,3.0,1.0,1,2,1,1,0
375,0,5,2,1,2.0,1.0,2,2,1,1,0
376,2,0,2,1,1.0,1.0,2,2,1,1,0
377,3,2,0,2,2.0,2.0,2,2,2,1,0
378,1,3,2,1,3.0,1.0,1,2,1,1,0
379,5,4,3,1,3.0,1.0,1,1,1,1,0
380,0,5,2,1,3.0,1.0,1,2,1,1,0
381,5,4,3,1,3.0,1.0,1,2,1,1,0
382,2,3,1,2,2.0,1.0,1,2,1,1,0
383,5,4,3,1,1.0,1.0,1,1,1,1,0
384,1,4,1,1,3.0,1.0,1,2,1,1,0
385,3,4,1,2,2.0,1.0,2,2,1,1,0
386,5,4,3,1,2.0,1.0,2,1,1,1,0
387,5,4,3,1,3.0,1.0,1,2,1,1,0
388,3,0,1,1,3.0,1.0,2,2,1,1,0
389,1,4,2,1,2.0,1.0,1,2,1,1,1
390,0,5,2,1,1.0,1.0,1,2,1,1,0
391,5,4,3,1,1.0,1.0,1,2,1,1,0
392,5,4,3,1,1.0,1.0,1,2,1,1,0
393,2,3,2,1,3.0,1.0,1,2,1,1,1
394,5,0,3,1,2.0,1.0,1,2,1,1,0
395,2,4,2,1,2.0,1.0,2,2,1,1,0
396,1,3,2,1,3.0,1.0,1,2,1,1,0
397,0,5,2,1,1.0,1.0,2,2,1,1,0
398,0,5,2,1,3.0,1.0,1,2,1,1,0
399,1,3,2,1,2.0,1.0,1,2,1,1,0
400,1,3,2,1,3.0,1.0,1,2,1,1,0
401,1,4,2,1,2.0,1.0,2,2,1,1,1
402,2,0,1,2,2.0,1.0,2,2,1,1,0
403,5,0,3,1,2.0,1.0,2,1,1,1,0
404,1,3,2,1,2.0,1.0,1,2,1,1,0
405,0,5,2,1,1.0,1.0,1,2,1,1,0
406,5,4,3,1,3.0,1.0,1,1,1,1,0
407,2,3,2,1,2.0,1.0,1,2,1,1,1
408,5,4,3,1,3.0,1.0,2,1,1,1,0
409,1,4,1,1,3.0,1.0,1,2,1,1,0
410,5,4,3,1,3.0,1.0,1,1,1,1,0
411,2,3,2,1,3.0,1.0,1,2,1,1,0
412,1,3,2,1,2.0,1.0,1,2,1,1,1
413,1,4,2,1,2.0,1.0,2,2,1,1,0
414,5,4,3,1,2.0,1.0,1,1,1,1,0
415,1,4,1,1,3.0,1.0,1,2,1,1,0
416,4,4,1,2,2.0,1.0,2,2,1,1,1
417,2,0,2,1,3.0,1.0,2,2,1,1,1
418,5,4,3,1,2.0,2.0,2,2,1,1,0
419,2,4,1,1,3.0,1.0,1,2,1,1,0
420,1,3,2,1,3.0,1.0,1,2,1,1,0
421,2,4,1,1,3.0,1.0,1,2,1,1,0
422,5,3,3,1,3.0,1.0,1,2,1,1,0
423,5,4,3,1,3.0,1.0,1,2,1,1,1
424,2,0,1,1,3.0,1.0,1,2,1,1,0
425,2,3,1,2,3.0,1.0,2,2,1,1,1
426,5,4,3,1,2.0,1.0,1,2,1,1,0
427,5,0,3,1,1.0,1.0,2,2,1,1,0
428,1,4,2,1,3.0,1.0,1,2,1,1,0
429,2,3,2,1,3.0,1.0,2,2,1,1,0
430,1,3,2,1,3.0,1.0,1,2,1,1,0
431,2,4,2,1,3.0,1.0,1,2,1,1,0
432,1,3,2,1,1.0,1.0,1,2,1,1,0
433,5,4,3,1,1.0,1.0,1,2,1,1,0
434,2,4,2,1,3.0,1.0,2,2,1,1,0
435,1,0,2,1,3.0,1.0,1,2,1,1,0
436,3,4,2,1,2.0,1.0,2,2,1,1,0
437,5,4,3,1,1.0,2.0,2,2,1,1,0
438,2,0,0,2,3.0,1.0,2,2,1,1,0
439,5,4,3,1,3.0,1.0,2,2,1,1,0
440,2,0,1,2,2.0,3.0,2,2,1,1,0
441,5,4,3,1,3.0,1.0,2,1,1,1,0
442,1,3,2,1,2.0,1.0,2,2,1,1,0
443,0,5,2,1,3.0,1.0,1,2,1,1,0
444,4,0,1,2,2.0,1.0,2,2,1,1,0
445,1,4,2,1,3.0,1.0,1,2,1,1,0
446,0,5,2,1,3.0,1.0,1,2,1,1,0
447,2,4,2,2,2.0,2.0,2,2,1,1,1
448,0,5,2,1,2.0,1.0,1,2,1,1,0
449,1,4,2,1,3.0,1.0,1,2,1,1,0
450,5,4,3,1,2.0,1.0,1,2,1,1,0
451,3,0,2,2,2.0,1.0,2,2,1,1,1
452,5,4,3,1,3.0,1.0,1,1,1,1,0
453,2,0,1,1,2.0,1.0,2,2,1,1,0
454,5,4,3,1,2.0,1.0,2,1,1,1,0
455,0,5,2,1,2.0,1.0,1,2,1,1,0
456,2,0,2,1,3.0,1.0,2,2,1,1,0
457,2,4,2,2,2.0,1.0,1,2,1,1,0
458,1,3,1,1,3.0,1.0,2,2,1,1,0
459,2,0,1,1,2.0,1.0,1,2,1,1,0
460,5,4,3,1,2.0,1.0,1,2,1,1,0
461,1,4,1,1,3.0,1.0,1,2,1,1,1
462,5,3,3,1,2.0,1.0,1,1,1,1,0
463,5,0,3,1,1.0,1.0,2,2,1,1,0
464,5,4,3,1,3.0,1.0,1,1,1,1,0
465,5,3,3,1,1.0,1.0,1,2,1,1,0
466,5,3,3,1,2.0,1.0,1,1,1,1,0
467,4,1,2,1,3.0,1.0,2,2,1,1,0
468,1,0,2,1,2.0,1.0,1,2,1,1,0
469,2,3,2,1,3.0,1.0,1,2,1,1,0
470,5,4,3,1,3.0,1.0,1,1,1,1,0
471,5,3,3,1,2.0,1.0,1,2,1,1,0
472,5,4,3,1,2.0,1.0,2,2,1,1,0
473,1,4,2,1,3.0,1.0,1,2,1,1,0
474,3,3,2,2,2.0,1.0,2,2,1,1,0
475,2,4,1,2,3.0,1.0,1,2,1,1,0
476,5,4,3,1,2.0,1.0,1,2,1,1,0
477,3,0,1,1,3.0,1.0,2,2,1,1,1
478,1,3,2,1,2.0,1.0,2,2,1,1,0
479,5,4,3,1,2.0,1.0,1,2,1,1,1
480,0,5,2,1,2.0,1.0,1,2,1,1,0
481,5,4,3,1,2.0,1.0,2,1,1,1,0
482,2,3,1,1,2.0,1.0,2,2,1,1,0
483,5,4,3,1,3.0,1.0,1,2,1,1,0
484,0,5,1,1,1.0,1.0,2,2,1,1,0
485,0,5,2,1,3.0,1.0,1,2,1,1,0
486,5,4,3,1,2.0,1.0,1,2,1,1,1
487,5,1,3,1,2.0,1.0,1,2,1,1,0
488,0,5,1,1,3.0,1.0,1,2,1,1,0
489,5,4,3,1,3.0,1.0,1,2,1,1,0
490,1,3,2,1,3.0,1.0,1,2,1,1,1
491,5,4,3,1,1.0,1.0,1,2,1,1,0
492,1,4,2,2,2.0,2.0,1,2,1,1,0
493,5,0,3,1,3.0,1.0,1,2,1,1,0
494,2,3,2,1,2.0,1.0,1,2,1,1,1
495,2,3,2,1,2.0,1.0,2,2,1,1,0
496,0,5,1,1,2.0,1.0,1,2,1,1,0
497,3,0,0,2,1.0,3.0,2,2,1,1,1
498,5,4,3,1,2.0,1.0,1,1,1,1,0
499,5,0,3,1,2.0,1.0,2,2,1,1,0
500,3,4,1,1,2.0,1.0,2,2,1,1,0
501,1,4,2,1,2.0,1.0,2,2,1,1,0
502,3,1,2,2,2.0,1.0,2,2,1,1,1
503,1,3,2,1,1.0,1.0,2,2,1,1,0
504,2,3,2,1,2.0,1.0,1,2,1,1,0
505,1,0,2,1,2.0,1.0,2,2,1,1,0
506,2,0,1,1,3.0,1.0,1,2,1,1,0
507,0,5,2,1,3.0,1.0,1,2,1,1,0
508,2,0,2,1,3.0,1.0,2,2,1,1,0
509,0,5,1,1,2.0,1.0,1,2,1,1,0
510,3,0,0,2,2.0,1.0,2,2,1,1,0
511,3,0,1,2,3.0,1.0,2,2,1,1,1
512,3,0,1,2,2.0,1.0,2,2,1,1,0
513,5,4,3,1,2.0,1.0,2,1,1,1,0
514,5,4,3,1,2.0,1.0,2,2,1,1,0
515,1,3,2,1,3.0,1.0,1,2,1,1,1
516,2,4,2,2,2.0,3.0,2,2,1,1,0
517,0,5,1,1,2.0,1.0,2,2,1,1,0
518,5,4,3,1,1.0,1.0,2,2,1,1,0
519,1,3,2,1,3.0,1.0,1,2,1,1,0
520,5,4,3,1,3.0,1.0,1,1,1,1,1
521,5,4,3,1,3.0,1.0,1,2,1,1,0
522,1,3,2,1,2.0,1.0,1,2,1,1,0
523,2,0,2,1,2.0,1.0,1,2,1,1,0
524,5,4,3,1,2.0,1.0,1,1,1,1,0
525,2,0,1,2,3.0,1.0,1,2,1,1,0
526,2,2,0,2,3.0,1.0,2,2,2,1,1
527,4,0,1,1,2.0,1.0,2,2,1,1,0
528,2,2,1,1,3.0,1.0,2,2,1,1,1
529,5,4,3,1,2.0,1.0,1,1,1,1,0
530,1,3,2,1,2.0,1.0,1,2,1,1,0
531,1,3,2,1,2.0,1.0,1,2,1,1,0
532,5,4,3,1,3.0,1.0,1,1,1,1,0
533,0,5,2,1,2.0,1.0,2,2,1,1,0
534,2,4,2,1,2.0,1.0,2,2,1,1,0
535,0,5,2,1,3.0,1.0,1,2,1,1,0
536,5,4,3,1,2.0,1.0,1,1,1,1,0
537,5,4,3,1,2.0,1.0,2,1,1,1,0
538,5,0,3,1,2.0,1.0,2,2,1,1,0
539,0,5,1,1,2.0,1.0,2,2,1,1,1
540,5,3,3,1,3.0,1.0,2,2,1,1,0
541,5,4,3,1,2.0,1.0,1,1,1,1,0
542,2,4,2,1,3.0,1.0,1,2,1,1,0
543,1,4,2,2,3.0,1.0,2,2,1,1,0
544,2,0,1,1,2.0,1.0,2,2,1,1,0
545,1,3,2,1,1.0,1.0,1,2,1,1,0
546,5,4,3,1,2.0,1.0,1,1,1,1,0
547,2,0,2,1,2.0,1.0,2,2,1,1,1
548,2,0,1,1,3.0,1.0,2,2,1,1,0
549,5,3,3,1,3.0,1.0,2,2,1,1,0
550,5,4,3,1,2.0,1.0,1,2,1,1,0
551,5,4,3,1,1.0,1.0,1,2,1,1,0
552,1,3,2,1,2.0,1.0,1,2,1,1,0
553,0,5,2,1,3.0,1.0,1,2,1,1,0
554,5,4,3,1,2.0,1.0,2,1,1,1,0
555,2,4,1,1,3.0,1.0,1,2,1,1,0
556,1,3,2,1,2.0,1.0,1,2,1,1,0
557,5,3,3,1,3.0,1.0,1,2,1,1,0
558,1,4,2,1,1.0,1.0,2,2,1,1,0
559,5,4,3,1,2.0,1.0,1,2,1,1,0
560,5,0,3,1,2.0,1.0,2,2,1,1,0
561,1,3,2,1,2.0,1.0,1,2,1,1,0
562,0,5,2,1,3.0,1.0,1,2,1,1,0
563,2,0,0,2,2.0,3.0,2,2,1,1,0
564,5,4,3,1,3.0,1.0,2,2,1,1,0
565,3,4,2,1,1.0,1.0,2,2,1,1,0
566,5,4,3,1,3.0,1.0,1,1,1,1,0
567,1,4,2,1,3.0,1.0,2,2,1,1,0
568,3,0,2,1,3.0,1.0,1,2,1,1,1
569,5,4,3,1,2.0,1.0,1,2,1,1,0
570,2,3,1,1,3.0,1.0,2,2,1,1,0
571,1,3,2,2,2.0,1.0,1,2,1,1,0
572,0,5,2,1,3.0,1.0,1,2,1,1,0
573,1,3,2,1,3.0,1.0,1,2,1,1,0
574,1,4,2,1,3.0,1.0,1,2,1,1,0
575,0,5,2,1,2.0,1.0,2,2,1,1,0
576,3,2,0,2,2.0,3.0,2,2,2,1,1
577,5,4,3,1,2.0,1.0,1,1,1,1,0
578,5,4,3,1,3.0,1.0,1,2,1,1,0
579,3,4,2,1,1.0,1.0,2,2,1,1,0
580,5,4,3,1,3.0,1.0,1,1,1,1,0
581,2,4,2,1,3.0,1.0,1,2,1,1,1
582,5,3,3,1,2.0,1.0,1,2,1,1,0
583,3,2,0,2,2.0,3.0,2,2,2,1,0
584,2,4,2,1,3.0,1.0,1,2,1,1,0
585,1,4,2,1,2.0,1.0,1,2,1,1,0
586,5,0,3,1,2.0,1.0,1,1,1,1,0
587,5,3,3,1,2.0,1.0,1,2,1,1,0
588,4,4,1,1,3.0,1.0,2,2,1,1,1
589,5,4,3,1,3.0,1.0,1,2,1,1,0
590,1,4,2,1,2.0,1.0,1,2,1,1,0
591,5,4,3,1,3.0,1.0,1,2,1,1,0
592,2,0,1,1,2.0,1.0,2,2,1,1,0
593,2,0,1,1,3.0,1.0,2,2,1,1,0
594,4,4,2,2,2.0,1.0,1,2,1,1,0
595,5,0,3,1,3.0,1.0,1,1,1,1,0
596,2,0,2,1,3.0,1.0,2,2,1,1,0
597,2,0,1,1,3.0,1.0,2,2,1,1,0
598,5,4,3,1,3.0,1.0,1,2,1,1,1
599,5,4,3,1,3.0,1.0,1,2,1,1,0
600,5,4,3,1,2.0,1.0,1,2,1,1,0
601,2,4,1,2,3.0,1.0,2,2,1,1,0
602,1,4,2,2,2.0,1.0,1,2,1,1,0
603,1,4,2,1,3.0,1.0,2,2,1,1,0
604,2,1,2,1,2.0,1.0,2,2,1,1,0
605,2,0,1,1,3.0,1.0,1,2,1,1,1
606,2,0,1,1,3.0,1.0,1,2,1,1,0
607,1,4,2,1,2.0,1.0,1,2,1,1,0
608,5,4,3,1,2.0,1.0,1,2,1,1,0
609,0,5,2,1,3.0,1.0,1,2,1,1,0
610,0,5,2,1,3.0,1.0,1,2,1,1,0
611,1,4,2,1,3.0,1.0,1,2,1,1,0
612,3,0,1,1,3.0,1.0,2,2,1,1,0
613,2,4,2,1,3.0,1.0,1,2,1,1,0
614,2,3,2,1,2.0,1.0,1,2,1,1,0
615,5,4,3,1,2.0,1.0,1,2,1,1,0
616,5,4,3,1,3.0,1.0,1,2,1,1,0
617,3,4,1,1,2.0,1.0,2,2,1,1,0
618,1,4,2,2,3.0,1.0,1,2,1,1,0
619,3,2,0,2,3.0,1.0,2,2,2,1,0
620,5,3,3,1,2.0,1.0,1,2,1,1,0
621,5,3,3,1,2.0,1.0,1,2,1,1,0
622,5,4,3,2,2.0,1.0,1,2,1,1,0
623,5,0,3,1,3.0,1.0,2,1,1,1,0
624,3,2,0,1,3.0,1.0,2,2,1,1,0
625,5,4,3,1,2.0,1.0,1,2,1,1,0
626,5,4,3,1,1.0,1.0,1,2,1,1,0
627,3,4,2,1,2.0,1.0,2,2,1,1,0
628,5,4,3,1,2.0,1.0,1,2,1,1,0
629,3,2,0,2,3.0,3.0,2,2,2,1,0
630,5,4,3,1,2.0,1.0,2,1,1,1,0
631,2,4,2,1,1.0,1.0,2,2,1,1,0
632,4,2,1,1,2.0,1.0,2,2,1,1,1
633,5,0,3,1,2.0,1.0,1,1,1,1,0
634,2,3,1,1,3.0,1.0,1,2,1,1,0
635,5,3,3,1,2.0,1.0,2,1,1,1,0
636,3,4,2,2,3.0,1.0,2,2,1,1,1
637,0,5,2,1,3.0,1.0,1,2,1,1,0
638,4,2,0,1,3.0,1.0,2,2,2,1,0
639,1,0,2,1,3.0,1.0,1,2,1,1,0
640,5,4,3,1,2.0,1.0,1,2,1,1,0
641,1,3,2,1,3.0,1.0,1,2,1,1,0
642,2,3,2,1,3.0,1.0,2,2,1,1,0
643,5,4,3,1,2.0,1.0,1,1,1,1,0
644,1,3,2,1,1.0,1.0,1,2,1,1,0
645,5,4,3,1,2.0,1.0,2,2,1,1,0
646,2,3,2,1,3.0,1.0,1,2,1,1,0
647,5,4,3,1,2.0,1.0,2,1,1,1,0
648,2,4,2,1,3.0,1.0,1,2,1,1,1
649,2,4,2,1,2.0,1.0,2,2,1,1,0
650,2,4,1,1,3.0,1.0,1,2,1,1,1
651,1,3,2,1,3.0,1.0,1,2,1,1,0
652,1,3,2,1,2.0,1.0,2,2,1,1,0
653,2,3,2,1,3.0,1.0,1,2,1,1,0
654,1,3,2,1,3.0,1.0,1,2,1,1,0
655,1,4,2,2,2.0,1.0,1,2,1,1,0
656,5,4,3,1,3.0,1.0,1,1,1,1,0
657,1,3,1,1,2.0,1.0,1,2,1,1,1
658,5,0,3,1,2.0,1.0,2,2,1,1,0
659,5,3,3,1,3.0,1.0,1,2,1,1,0
660,4,0,1,1,2.0,1.0,2,2,2,1,1
661,0,5,2,1,3.0,1.0,1,2,1,1,1
662,5,4,3,1,2.0,1.0,2,2,1,1,0
663,1,4,2,1,3.0,1.0,1,2,1,1,0
664,0,5,2,1,3.0,1.0,1,2,1,1,0
665,0,5,2,1,2.0,1.0,1,2,1,1,0
666,5,4,3,1,2.0,1.0,2,2,1,1,0
667,3,4,1,2,3.0,1.0,2,2,1,1,0
668,5,3,3,1,2.0,1.0,1,2,1,1,0
669,3,0,2,1,2.0,1.0,2,2,1,1,1
670,0,5,2,1,1.0,1.0,1,2,1,1,0
671,5,3,3,1,3.0,1.0,1,2,1,1,0
672,5,4,3,1,3.0,1.0,1,2,1,1,0
673,1,4,2,1,3.0,1.0,1,2,1,1,1
674,2,0,2,1,3.0,1.0,1,2,1,1,0
675,5,4,3,1,2.0,1.0,1,2,1,1,0
676,0,5,2,1,3.0,1.0,1,2,1,1,0
677,1,3,2,1,3.0,1.0,1,2,1,1,0
678,5,3,3,1,3.0,1.0,1,2,1,1,0
679,1,4,2,1,2.0,1.0,2,2,1,1,0
680,1,4,2,1,2.0,1.0,2,2,1,1,0
681,4,0,1,1,3.0,1.0,1,2,1,1,0
682,1,4,2,1,2.0,1.0,1,2,1,1,0
683,0,5,2,1,3.0,1.0,1,2,1,1,0
684,5,4,3,1,3.0,1.0,1,2,1,1,0
685,3,0,2,1,3.0,1.0,1,2,1,1,0
686,4,0,1,1,2.0,1.0,2,2,1,1,1
687,2,0,1,1,2.0,1.0,2,2,1,1,0
688,5,4,3,1,3.0,1.0,2,1,1,1,0
689,1,4,2,1,2.0,1.0,1,2,1,1,0
690,1,3,2,2,2.0,1.0,1,2,1,1,0
691,0,5,2,1,2.0,1.0,2,2,1,1,0
692,2,1,2,1,3.0,1.0,2,2,1,1,0
693,3,0,1,1,2.0,1.0,2,2,1,1,1
694,2,4,2,1,2.0,1.0,2,2,1,1,0
695,2,3,2,1,3.0,1.0,1,2,1,1,0
696,0,5,2,1,3.0,1.0,1,2,1,1,0
697,5,4,3,1,2.0,1.0,1,2,1,1,0
698,5,3,3,1,2.0,1.0,1,2,1,1,0
699,0,5,2,1,2.0,1.0,1,2,1,1,0
700,0,5,2,1,2.0,1.0,1,2,1,1,0
701,5,4,3,1,2.0,1.0,1,1,1,1,0
702,2,2,1,2,3.0,1.0,2,2,1,1,1
703,5,0,3,1,2.0,1.0,2,2,1,1,0
704,0,5,2,1,3.0,1.0,1,2,1,1,0
705,1,3,2,1,2.0,1.0,2,2,1,1,0
706,3,2,1,2,3.0,1.0,2,2,2,1,1
707,5,4,3,1,3.0,1.0,1,1,1,1,0
708,5,3,3,1,3.0,1.0,1,2,1,1,0
709,5,3,3,1,1.0,1.0,2,2,1,1,0
710,2,0,1,1,3.0,1.0,2,2,1,1,0
711,4,2,1,2,2.0,1.0,2,2,2,1,1
712,5,0,3,1,2.0,1.0,1,1,1,1,0
713,0,5,2,1,1.0,1.0,1,2,1,1,0
714,1,3,2,1,2.0,1.0,1,2,1,1,0
715,5,4,3,1,2.0,1.0,2,2,1,1,0
716,5,4,3,1,3.0,1.0,1,1,1,1,0
717,5,4,3,1,2.0,1.0,1,2,1,1,0
718,0,5,2,1,3.0,1.0,1,2,1,1,0
719,1,3,2,1,2.0,1.0,2,2,1,1,0
720,5,4,3,1,2.0,1.0,1,2,1,1,0
721,1,3,2,1,3.0,1.0,1,2,1,1,0
722,0,5,2,1,2.0,1.0,1,2,1,1,0
723,1,3,2,1,3.0,1.0,1,2,1,1,0
724,3,0,1,2,2.0,1.0,2,2,1,1,1
725,1,3,2,1,3.0,1.0,1,2,1,1,0
726,5,1,3,1,2.0,1.0,1,1,1,1,0
727,1,4,2,1,2.0,1.0,1,2,1,1,0
728,5,3,3,1,3.0,1.0,2,2,1,1,0
729,5,3,3,1,2.0,1.0,1,2,1,1,0
730,5,4,3,2,2.0,1.0,2,2,1,1,0
731,5,4,3,2,3.0,1.0,1,2,1,1,0
732,1,4,2,1,3.0,1.0,1,2,1,1,1
733,2,3,2,1,3.0,1.0,1,2,1,1,0
734,5,3,3,1,2.0,1.0,1,2,1,1,0
735,1,3,2,1,3.0,1.0,1,2,1,1,0
736,0,5,2,2,2.0,1.0,2,2,1,1,1
737,5,4,3,1,1.0,1.0,1,2,1,1,0
738,2,3,2,1,3.0,1.0,1,2,1,1,0
739,5,4,3,1,2.0,1.0,1,1,1,1,0
740,1,3,2,1,2.0,1.0,1,2,1,1,0
741,1,3,2,1,2.0,1.0,1,2,1,1,0
742,2,4,2,2,3.0,1.0,2,2,1,1,0
743,5,4,3,1,2.0,1.0,1,2,1,1,1
744,3,4,2,1,2.0,1.0,1,2,1,1,0
745,5,4,3,1,2.0,1.0,1,1,1,1,0
746,0,5,2,1,1.0,1.0,1,2,1,1,0
747,2,3,2,1,3.0,1.0,1,2,1,1,0
748,2,0,2,1,3.0,1.0,1,2,1,1,1
749,5,3,3,1,2.0,1.0,1,1,1,1,0
750,2,4,2,1,3.0,1.0,1,2,1,1,0
751,5,4,3,1,2.0,1.0,1,1,1,1,1
752,1,3,2,1,2.0,1.0,1,2,1,1,0
753,5,0,3,1,3.0,1.0,1,1,1,1,0
754,2,3,2,1,3.0,1.0,1,2,1,1,0
755,2,4,1,2,2.0,1.0,2,2,1,1,0
756,1,0,1,2,3.0,1.0,2,2,1,1,0
757,1,4,2,1,3.0,1.0,1,2,1,1,0
758,1,4,2,1,3.0,1.0,1,2,1,1,0
759,5,3,3,1,3.0,1.0,1,2,1,1,0
760,5,4,3,1,1.0,1.0,1,2,1,1,0
761,5,0,3,2,3.0,2.0,2,2,1,1,0
762,5,4,3,1,3.0,1.0,1,2,1,1,0
763,2,1,2,1,3.0,1.0,2,2,1,1,0
764,2,4,1,1,3.0,1.0,2,2,1,1,0
765,1,1,2,1,3.0,1.0,1,2,1,1,1
766,0,5,2,1,3.0,1.0,1,2,1,1,0
767,5,3,3,1,2.0,1.0,1,2,1,1,0
768,2,4,2,1,3.0,1.0,2,2,1,1,0
769,5,4,3,1,2.0,1.0,1,2,1,1,0
770,2,4,2,1,2.0,1.0,1,2,1,1,1
771,3,0,1,1,2.0,1.0,2,2,1,1,0
772,5,4,3,1,3.0,1.0,1,1,1,1,0
773,0,5,2,1,3.0,1.0,1,2,1,1,0
774,1,4,2,1,3.0,1.0,2,2,1,1,0
775,0,5,1,1,3.0,1.0,2,2,1,1,0
776,5,4,3,1,3.0,1.0,1,1,1,1,0
777,1,0,2,1,2.0,1.0,2,2,1,1,0
778,2,4,2,1,3.0,1.0,1,2,1,1,1
779,5,4,3,1,2.0,1.0,1,2,1,1,0
780,5,4,3,1,2.0,1.0,1,2,1,1,0
781,2,0,1,2,2.0,1.0,2,2,1,1,0
782,5,3,3,1,3.0,1.0,1,1,1,1,0
783,1,3,2,1,2.0,1.0,1,2,1,1,0
784,4,3,1,1,2.0,1.0,2,2,1,1,1
785,0,5,2,1,1.0,1.0,1,2,1,1,0
786,0,5,2,1,2.0,1.0,2,2,1,1,0
787,5,4,3,1,2.0,1.0,1,1,1,1,0
788,3,1,2,2,2.0,1.0,2,2,1,1,1
789,5,4,3,1,2.0,1.0,1,1,1,1,0
790,1,3,2,1,3.0,1.0,1,2,1,1,0
791,3,0,2,1,2.0,1.0,2,2,1,1,0
792,2,1,1,2,3.0,1.0,2,2,1,1,0
793,2,3,2,1,3.0,1.0,1,2,1,1,0
794,5,4,3,1,3.0,1.0,2,1,1,1,0
795,0,5,2,1,2.0,1.0,1,2,1,1,0
796,5,4,3,1,1.0,1.0,1,2,1,1,0
797,5,4,3,1,1.0,1.0,2,2,1,1,0
798,0,5,2,1,3.0,1.0,1,2,1,1,0
799,1,3,2,1,2.0,1.0,1,2,1,1,0
800,2,4,2,1,2.0,1.0,2,2,1,1,0
801,2,0,2,2,2.0,3.0,2,2,1,1,0
802,3,2,0,1,3.0,1.0,2,2,2,1,1
803,0,5,2,1,3.0,1.0,1,2,1,1,0
804,2,2,1,1,3.0,1.0,2,2,1,1,1
805,2,0,1,2,3.0,3.0,2,2,1,1,1
806,0,5,1,1,2.0,1.0,1,2,1,1,0
807,1,4,2,2,2.0,3.0,2,2,1,1,0
808,5,4,3,1,2.0,1.0,2,2,1,1,0
809,5,0,3,1,2.0,1.0,1,2,1,1,0
810,1,4,2,1,3.0,1.0,1,2,1,1,0
811,3,0,1,2,3.0,3.0,2,2,1,1,1
812,2,0,1,2,3.0,1.0,2,2,1,1,0
813,5,0,3,1,2.0,1.0,2,2,1,1,0
814,3,2,1,1,3.0,1.0,2,2,2,1,0
815,5,4,3,1,3.0,1.0,1,1,1,1,0
816,0,5,2,1,2.0,1.0,1,2,1,1,0
817,5,3,3,1,2.0,1.0,1,2,1,1,0
818,5,4,3,1,3.0,1.0,2,2,1,1,0
819,2,4,1,1,3.0,1.0,2,2,1,1,1
820,3,0,0,2,2.0,1.0,2,2,1,1,0
821,5,4,3,1,2.0,1.0,2,2,1,1,0
822,1,0,1,1,2.0,1.0,2,2,1,1,0
823,2,0,1,1,1.0,1.0,2,2,1,1,1
824,1,0,2,1,3.0,1.0,1,2,1,1,0
825,2,4,1,1,2.0,1.0,2,2,1,1,0
826,1,4,1,1,3.0,1.0,1,2,1,1,1
827,4,1,2,1,2.0,1.0,2,2,1,1,1
828,5,4,3,1,2.0,1.0,1,1,1,1,0
829,2,0,2,1,2.0,1.0,2,2,1,1,0
830,5,4,3,1,2.0,1.0,1,1,1,1,0
831,1,4,2,1,2.0,1.0,1,2,1,1,0
832,0,5,2,1,3.0,1.0,1,2,1,1,0
833,2,4,2,1,3.0,1.0,1,2,1,1,0
834,3,2,0,2,2.0,1.0,2,2,1,1,0
835,4,0,1,2,3.0,1.0,2,2,1,1,0
836,3,0,2,1,2.0,1.0,2,2,1,1,1
837,2,4,2,1,3.0,1.0,1,2,1,1,1
838,0,5,2,1,2.0,1.0,2,2,1,1,0
839,4,0,1,2,2.0,1.0,2,2,1,1,1
840,5,3,3,1,2.0,1.0,1,2,1,1,0
841,4,2,1,2,3.0,1.0,2,2,2,1,1
842,2,4,2,1,3.0,1.0,1,2,1,1,0
843,1,4,2,2,3.0,1.0,1,2,1,1,1
844,2,0,1,1,3.0,1.0,1,2,1,1,0
845,2,0,1,1,2.0,1.0,2,2,1,1,1
846,2,4,2,1,1.0,1.0,1,2,1,1,0
847,0,5,2,1,3.0,1.0,1,2,1,1,0
848,5,3,3,1,2.0,1.0,1,2,1,1,0
849,2,4,2,1,2.0,1.0,2,2,1,1,1
850,3,0,2,1,2.0,1.0,2,2,1,1,1
851,3,0,1,1,2.0,1.0,2,2,1,1,0
852,0,5,2,2,3.0,1.0,1,2,1,1,0
853,2,1,2,1,2.0,1.0,2,2,1,1,0
854,2,3,1,1,3.0,1.0,2,2,1,1,0
855,1,3,2,1,3.0,1.0,1,2,1,1,0
856,2,3,1,1,3.0,1.0,2,2,1,1,0
857,2,0,2,1,3.0,1.0,2,2,1,1,0
858,5,4,3,1,1.0,1.0,2,2,1,1,0
859,2,0,2,1,3.0,1.0,1,2,1,1,0
860,1,0,2,1,2.0,1.0,2,2,1,1,0
861,2,4,1,1,3.0,1.0,2,2,1,1,0
862,2,3,1,1,3.0,1.0,1,2,1,1,1
863,0,5,2,1,3.0,1.0,1,2,1,1,0
864,5,3,3,1,3.0,1.0,1,2,1,1,0
865,2,0,1,1,2.0,1.0,1,2,1,1,0
866,2,0,1,1,2.0,1.0,1,2,1,1,0
867,5,3,3,1,1.0,1.0,1,2,1,1,0
868,1,4,2,2,2.0,1.0,1,2,1,1,0
869,2,0,1,1,2.0,1.0,2,2,1,1,0
870,2,4,1,2,3.0,1.0,1,2,1,1,0
871,1,4,2,1,2.0,1.0,2,2,1,1,0
872,0,5,2,1,3.0,1.0,1,2,1,1,1
873,5,4,3,1,2.0,1.0,1,1,1,1,0
874,1,4,2,2,1.0,1.0,1,2,1,1,0
875,1,0,2,1,3.0,1.0,2,2,1,1,0
876,0,5,2,1,3.0,1.0,1,2,1,1,0
877,0,5,2,1,3.0,1.0,1,2,1,1,0
878,1,3,2,1,3.0,1.0,1,2,1,1,0
879,4,2,0,1,2.0,1.0,2,2,2,1,0
880,1,0,1,1,2.0,1.0,2,2,1,1,0
881,4,2,1,2,2.0,3.0,2,2,1,1,0
882,1,0,2,1,3.0,1.0,2,2,1,1,0
883,1,0,2,1,2.0,1.0,2,2,1,1,0
884,1,4,2,1,2.0,1.0,2,2,1,1,0
885,5,4,3,1,2.0,1.0,1,2,1,1,0
886,2,0,2,1,2.0,1.0,1,2,1,1,0
887,3,0,2,1,2.0,1.0,2,2,1,1,0
888,5,4,3,1,2.0,1.0,1,1,1,1,0
889,5,4,3,1,2.0,1.0,1,2,1,1,0
890,2,3,2,1,3.0,1.0,1,2,1,1,0
891,1,3,2,1,3.0,1.0,1,2,1,1,0
892,2,1,2,1,3.0,1.0,2,2,1,1,0
893,1,4,2,1,2.0,1.0,1,2,1,1,0
894,5,0,3,1,3.0,1.0,2,1,1,1,0
895,1,3,2,1,2.0,1.0,1,2,1,1,0
896,2,0,2,2,3.0,1.0,1,2,1,1,0
897,5,4,3,1,3.0,1.0,1,2,1,1,0
898,5,0,3,1,2.0,1.0,2,2,1,1,0
899,0,4,2,1,3.0,1.0,1,2,1,1,0
900,2,2,1,1,3.0,1.0,2,2,1,1,0
901,0,5,2,1,2.0,1.0,1,2,1,1,1
902,0,5,2,1,3.0,1.0,1,2,1,1,0
903,4,0,1,2,2.0,3.0,2,2,1,1,0
904,2,4,2,1,3.0,1.0,2,2,1,1,0
905,2,3,2,1,3.0,1.0,1,2,1,1,0
906,2,3,2,1,2.0,1.0,1,2,1,1,0
907,5,4,3,2,2.0,1.0,1,2,1,1,0
908,5,1,3,1,2.0,1.0,1,1,1,1,0
909,1,3,2,1,2.0,1.0,1,2,1,1,0
910,4,0,1,1,2.0,1.0,2,2,1,1,1
911,5,4,3,1,2.0,1.0,2,2,1,1,0
912,5,4,3,1,2.0,1.0,2,2,1,1,0
913,1,3,2,1,3.0,1.0,1,2,1,1,0
914,5,4,3,1,2.0,1.0,1,2,1,1,0
915,2,0,1,1,3.0,1.0,2,2,1,1,0
916,5,4,3,1,1.0,1.0,2,2,1,1,1
917,0,5,2,1,3.0,1.0,1,2,1,1,1
918,2,0,1,1,3.0,1.0,2,2,1,1,0
919,3,1,0,2,3.0,1.0,2,2,1,1,0
920,4,2,0,2,3.0,3.0,2,2,2,1,1
921,0,5,2,1,3.0,1.0,1,2,1,1,0
922,2,4,2,2,3.0,1.0,2,2,1,1,0
923,0,5,2,1,2.0,1.0,1,2,1,1,0
924,2,0,1,1,3.0,1.0,2,2,1,1,1
925,5,4,3,1,3.0,1.0,1,1,1,1,0
926,5,3,3,1,2.0,1.0,1,2,1,1,0
927,2,3,1,1,2.0,1.0,2,2,1,1,0
928,0,5,2,1,2.0,1.0,1,2,1,1,0
929,5,4,3,1,2.0,1.0,1,1,1,1,0
930,4,4,2,1,1.0,1.0,2,2,1,1,0
931,1,4,2,1,3.0,1.0,2,2,1,1,0
932,5,3,3,1,2.0,1.0,2,2,1,1,0
933,1,3,1,1,2.0,1.0,2,2,1,1,1
934,2,4,2,1,2.0,1.0,1,2,1,1,0
935,5,4,3,1,2.0,1.0,2,1,1,1,0
936,1,0,1,1,2.0,1.0,2,2,1,1,0
937,5,4,3,2,2.0,1.0,1,2,1,1,0
938,1,4,1,2,2.0,1.0,2,2,1,1,0
939,1,3,1,1,3.0,1.0,1,2,1,1,0
940,0,5,1,1,3.0,1.0,1,2,1,1,0
941,0,5,2,2,1.0,1.0,2,2,1,1,0
942,1,3,2,1,2.0,1.0,2,2,1,1,0
943,1,3,2,1,3.0,1.0,1,2,1,1,0
944,5,4,3,2,2.0,1.0,1,1,1,1,0
945,1,3,2,1,3.0,1.0,1,2,1,1,0
946,1,4,2,1,2.0,1.0,1,2,1,1,0
947,2,0,0,2,3.0,1.0,1,2,1,1,1
948,3,4,2,2,3.0,3.0,1,2,1,1,0
949,1,3,1,1,2.0,1.0,1,2,1,1,0
950,5,4,3,1,2.0,1.0,1,1,1,1,0
951,3,0,2,2,3.0,1.0,2,2,1,1,0
952,2,4,2,1,2.0,1.0,1,2,1,1,1
953,5,4,3,1,2.0,1.0,1,1,1,1,0
954,5,4,3,1,3.0,1.0,2,2,1,1,0
955,5,4,3,1,2.0,1.0,2,2,1,1,0
956,5,4,3,1,2.0,1.0,1,1,1,1,0
957,2,0,1,1,3.0,1.0,1,2,1,1,0
958,1,3,1,2,1.0,1.0,2,2,1,1,0
959,2,4,2,1,3.0,1.0,1,2,1,1,0
960,3,0,1,2,3.0,1.0,2,2,1,1,1
961,4,2,0,2,3.0,1.0,2,2,2,1,0
962,2,3,1,1,3.0,1.0,1,2,1,1,0
963,5,3,3,1,2.0,1.0,1,2,1,1,0
964,5,3,3,1,3.0,1.0,1,2,1,1,1
965,1,4,2,2,2.0,1.0,1,2,1,1,0
966,0,5,2,1,3.0,1.0,1,2,1,1,0
967,2,4,2,1,2.0,1.0,1,2,1,1,0
968,2,2,1,1,3.0,1.0,2,2,1,1,1
969,1,3,2,1,3.0,1.0,1,2,1,1,0
970,1,3,2,1,3.0,1.0,1,2,1,1,0
971,0,5,1,1,3.0,1.0,1,2,1,1,0
972,0,5,1,1,2.0,1.0,1,2,1,1,0
973,3,4,1,1,3.0,1.0,2,2,1,1,1
974,5,4,3,1,3.0,1.0,2,2,1,1,0
975,0,5,2,1,2.0,1.0,1,2,1,1,0
976,2,4,2,1,2.0,1.0,2,2,1,1,1
977,2,0,1,2,2.0,1.0,2,2,1,1,0
978,3,0,2,1,1.0,1.0,2,2,1,1,1
979,5,4,3,1,2.0,1.0,1,2,1,1,0
980,2,2,1,2,3.0,1.0,2,2,1,1,1
981,1,3,2,1,3.0,1.0,1,2,1,1,0
982,5,4,3,2,2.0,1.0,1,2,1,1,0
983,5,3,3,1,3.0,1.0,1,1,1,1,0
984,2,4,2,1,1.0,3.0,2,2,1,1,0
985,1,0,2,1,3.0,1.0,2,2,1,1,0
986,3,0,1,2,3.0,1.0,1,2,1,1,1
987,2,3,2,1,2.0,1.0,2,2,1,1,0
988,1,3,2,1,2.0,1.0,1,2,1,1,0
989,1,3,2,1,3.0,1.0,1,2,1,1,0
990,0,5,2,1,3.0,1.0,1,2,1,1,0
991,1,4,2,1,3.0,1.0,1,2,1,1,0
992,3,0,2,1,2.0,1.0,2,2,1,1,1
993,3,2,1,1,2.0,1.0,2,2,1,1,1
994,1,3,2,1,1.0,1.0,2,2,1,1,0
995,0,5,2,1,3.0,1.0,1,2,1,1,1
996,3,4,1,2,3.0,1.0,2,2,1,1,0
997,0,5,2,1,3.0,1.0,1,2,1,1,0
998,5,4,3,1,3.0,1.0,2,2,1,1,0
999,5,4,3,1,3.0,1.0,1,2,1,1,0
1000,3,2,1,2,2.0,1.0,2,2,1,1,1
1001,0,5,2,1,3.0,1.0,1,2,1,1,0
1002,5,1,3,1,3.0,1.0,1,2,1,1,0
1003,5,4,3,1,2.0,1.0,2,1,1,1,0
1004,5,4,3,1,2.0,1.0,1,2,1,1,0
1005,5,3,3,1,3.0,1.0,2,1,1,1,0
1006,5,4,3,1,2.0,1.0,1,2,1,1,1
1007,0,5,2,1,3.0,1.0,1,2,1,1,0
1008,1,4,2,1,2.0,1.0,2,2,1,1,0
1009,2,0,1,2,2.0,1.0,2,2,1,1,1
1010,5,4,3,1,3.0,1.0,2,1,1,1,0
1011,4,2,1,1,2.0,1.0,2,2,1,1,1
1012,3,0,1,2,3.0,1.0,2,2,1,1,0
1013,0,5,2,1,2.0,1.0,1,2,1,1,0
1014,0,5,2,1,3.0,1.0,1,2,1,1,0
1015,0,5,2,1,3.0,1.0,1,2,1,1,0
1016,2,0,2,2,3.0,3.0,2,2,1,1,1
1017,0,5,2,1,3.0,1.0,1,2,1,1,0
1018,2,0,2,1,3.0,1.0,1,2,1,1,0
1019,0,5,2,1,3.0,1.0,1,2,1,1,0
1020,5,3,3,2,1.0,1.0,2,2,1,1,0
1021,3,3,2,1,3.0,1.0,2,2,2,1,0
1022,4,2,0,2,3.0,1.0,2,2,2,1,0
1023,2,4,2,1,1.0,1.0,2,2,1,1,0
1024,2,3,1,1,3.0,1.0,2,2,1,1,0
1025,1,4,2,2,2.0,2.0,1,2,1,1,0
1026,0,5,2,1,3.0,1.0,1,2,1,1,0
1027,1,3,2,1,2.0,1.0,1,2,1,1,0
1028,2,4,2,1,2.0,1.0,2,2,1,1,0
1029,1,3,2,1,3.0,1.0,1,2,1,1,0
1030,1,2,2,1,2.0,1.0,1,2,1,1,1
1031,0,5,2,1,3.0,1.0,1,2,1,1,0
1032,2,0,2,1,3.0,1.0,1,2,1,1,1
1033,2,3,2,1,3.0,1.0,1,2,1,1,1
1034,0,5,2,1,3.0,1.0,1,2,1,1,1
1035,0,5,2,1,2.0,1.0,1,2,1,1,0
1036,1,1,2,1,3.0,1.0,2,2,1,1,0
1037,0,5,2,1,2.0,1.0,1,2,1,1,0
1038,2,3,2,1,3.0,1.0,1,2,1,1,0
1039,5,0,3,1,2.0,1.0,2,2,1,1,0
1040,1,4,1,1,2.0,1.0,1,2,1,1,0
1041,2,0,1,2,2.0,1.0,2,2,1,1,1
1042,5,4,3,1,2.0,1.0,1,2,1,1,0
1043,1,0,2,1,2.0,1.0,1,2,1,1,1
1044,4,0,0,2,3.0,1.0,2,2,2,1,1
1045,2,0,1,1,3.0,1.0,2,2,1,1,1
1046,4,0,1,2,2.0,1.0,2,2,1,1,1
1047,2,4,2,1,2.0,1.0,2,2,1,1,0
1048,3,1,1,1,3.0,1.0,2,2,1,1,1
1049,5,4,3,1,3.0,1.0,1,2,1,1,0
1050,1,3,2,1,3.0,1.0,1,2,1,1,0
1051,2,0,1,1,3.0,1.0,1,2,1,1,0
1052,2,3,1,1,3.0,1.0,1,2,1,1,1
1053,0,5,1,2,2.0,1.0,2,2,1,1,0
1054,1,4,2,1,3.0,1.0,1,2,1,1,0
1055,5,4,3,1,2.0,1.0,2,1,1,1,0
1056,1,3,2,1,2.0,1.0,1,2,1,1,0
1057,5,4,3,1,2.0,1.0,2,2,1,1,0
1058,5,3,3,1,3.0,1.0,1,2,1,1,0
1059,5,4,3,1,3.0,1.0,2,2,1,1,1
1060,0,5,2,1,1.0,1.0,1,2,1,1,0
1061,0,5,2,1,3.0,1.0,1,2,1,1,0
1062,5,0,3,1,3.0,1.0,1,1,1,1,0
1063,5,3,3,1,2.0,1.0,1,2,1,1,0
1064,2,3,2,1,3.0,1.0,1,2,1,1,0
1065,0,5,2,1,3.0,1.0,1,2,1,1,1
